id,name,type,description,CIF,created_at,updated_at
1,Dentix,Matrix,,B82476302,2019-01-23 17:23:00,2019-01-23 17:23:00
2,NeoTech,Subsidiary,,B82476303,2019-01-23 17:23:00,2019-01-23 17:23:00
3,GesArtes Gráficas,Provider,Proveedor de papelería corporativa para España,B82476304,2019-01-24 17:23:00,2019-01-24 17:23:00
4,Litografia San José,Provider,Proveedor de papelería corporativa para Canarias,B82476305,2019-01-25 17:23:00,2019-01-25 17:23:00
5,Rotulos Identidad,Provider,Proveedor materiales corporativos y de obra.,B82476306,2019-01-26 17:23:00,2019-01-26 17:23:00