id,"connection","queue","payload","exception","failed_at"
1,"redis","default","{""timeout"":null,""id"":""sxNttcvFI42ZGDn5X8ZkM14rE6QzpFby"",""data"":{""command"":""O:33:\""App\\Jobs\\SendCampaignDistribution\"":13:{s:6:\""clinic\"";O:45:\""Illuminate\\Contracts\\Database\\ModelIdentifier\"":4:{s:5:\""class\"";s:10:\""App\\Clinic\"";s:2:\""id\"";i:219;s:9:\""relations\"";a:3:{i:0;s:9:\""addresses\"";i:1;s:6:\""phones\"";i:2;s:15:\""clinic_siblings\"";}s:10:\""connection\"";s:5:\""mysql\"";}s:8:\""campaign\"";O:45:\""Illuminate\\Contracts\\Database\\ModelIdentifier\"":4:{s:5:\""class\"";s:12:\""App\\Campaign\"";s:2:\""id\"";i:17;s:9:\""relations\"";a:3:{i:0;s:16:\""campaign_posters\"";i:1;s:26:\""campaign_poster_priorities\"";i:2;s:14:\""sanitary_codes\"";}s:10:\""connection\"";s:5:\""mysql\"";}s:3:\""pdf\"";s:179:\""\/home\/vagrant\/code\/miDentix\/storage\/app\/clinics\/Eibar (Toribio Etxebarria Kalea, 13)\/facadesByCampaign\/\/\/Eibar (Toribio Etxebarria Kalea, 13)-Follow Up (Promo Navidad)-posters.pdf\"";s:4:\""name\"";s:60:\""Eibar (Toribio Etxebarria Kalea, 13)-Carteleria-Nov-2019.pdf\"";s:4:\""fake\"";b:0;s:6:\""\u0000*\u0000job\"";N;s:10:\""connection\"";N;s:5:\""queue\"";N;s:15:\""chainConnection\"";N;s:10:\""chainQueue\"";N;s:5:\""delay\"";N;s:10:\""middleware\"";a:0:{}s:7:\""chained\"";a:0:{}}"",""commandName"":""App\\Jobs\\SendCampaignDistribution""},""displayName"":""App\\Jobs\\SendCampaignDistribution"",""timeoutAt"":null,""job"":""Illuminate\\Queue\\CallQueuedHandler@call"",""maxTries"":null,""delay"":null,""attempts"":1}","Symfony\Component\Debug\Exception\FatalThrowableError: syntax error, unexpected end of file in /home/vagrant/code/miDentix/storage/framework/views/70fc7d2dc46421a3da21a756cc31c6478d83ae18.php:12
Stack trace:
#0 /home/vagrant/code/miDentix/vendor/laravel/framework/src/Illuminate/View/Engines/CompilerEngine.php(59): Illuminate\View\Engines\PhpEngine->evaluatePath('/home/vagrant/c...', Array)
#1 /home/vagrant/code/miDentix/vendor/laravel/framework/src/Illuminate/View/View.php(143): Illuminate\View\Engines\CompilerEngine->get('/home/vagrant/c...', Array)
#2 /home/vagrant/code/miDentix/vendor/laravel/framework/src/Illuminate/View/View.php(126): Illuminate\View\View->getContents()
#3 /home/vagrant/code/miDentix/vendor/laravel/framework/src/Illuminate/View/View.php(91): Illuminate\View\View->renderContents()
#4 /home/vagrant/code/miDentix/vendor/laravel/framework/src/Illuminate/Mail/Markdown.php(61): Illuminate\View\View->render()
#5 /home/vagrant/code/miDentix/vendor/laravel/framework/src/Illuminate/Mail/Mailable.php(267): Illuminate\Mail\Markdown->render('emails.posterDi...', Array)
#6 /home/vagrant/code/miDentix/vendor/laravel/framework/src/Illuminate/Mail/Mailable.php(237): Illuminate\Mail\Mailable->buildMarkdownView()
#7 /home/vagrant/code/miDentix/vendor/laravel/framework/src/Illuminate/Mail/Mailable.php(153): Illuminate\Mail\Mailable->buildView()
#8 /home/vagrant/code/miDentix/vendor/laravel/framework/src/Illuminate/Support/Traits/Localizable.php(19): Illuminate\Mail\Mailable->Illuminate\Mail\{closure}()
#9 /home/vagrant/code/miDentix/vendor/laravel/framework/src/Illuminate/Mail/Mailable.php(160): Illuminate\Mail\Mailable->withLocale(NULL, Object(Closure))
#10 /home/vagrant/code/miDentix/vendor/laravel/framework/src/Illuminate/Mail/Mailer.php(275): Illuminate\Mail\Mailable->send(Object(Illuminate\Mail\Mailer))
#11 /home/vagrant/code/miDentix/vendor/laravel/framework/src/Illuminate/Mail/Mailer.php(229): Illuminate\Mail\Mailer->sendMailable(Object(App\Mail\PosterDistributionNotification))
#12 /home/vagrant/code/miDentix/vendor/laravel/framework/src/Illuminate/Mail/PendingMail.php(127): Illuminate\Mail\Mailer->send(Object(App\Mail\PosterDistributionNotification))
#13 /home/vagrant/code/miDentix/app/Jobs/SendCampaignDistribution.php(66): Illuminate\Mail\PendingMail->send(Object(App\Mail\PosterDistributionNotification))
#14 [internal function]: App\Jobs\SendCampaignDistribution->handle()
#15 /home/vagrant/code/miDentix/vendor/laravel/framework/src/Illuminate/Container/BoundMethod.php(32): call_user_func_array(Array, Array)
#16 /home/vagrant/code/miDentix/vendor/laravel/framework/src/Illuminate/Support/helpers.php(520): Illuminate\Container\BoundMethod::Illuminate\Container\{closure}()
#17 /home/vagrant/code/miDentix/vendor/laravel/framework/src/Illuminate/Container/BoundMethod.php(90): value(Object(Closure))
#18 /home/vagrant/code/miDentix/vendor/laravel/framework/src/Illuminate/Container/BoundMethod.php(34): Illuminate\Container\BoundMethod::callBoundMethod(Object(Illuminate\Foundation\Application), Array, Object(Closure))
#19 /home/vagrant/code/miDentix/vendor/laravel/framework/src/Illuminate/Container/Container.php(591): Illuminate\Container\BoundMethod::call(Object(Illuminate\Foundation\Application), Array, Array, NULL)
#20 /home/vagrant/code/miDentix/vendor/laravel/framework/src/Illuminate/Bus/Dispatcher.php(94): Illuminate\Container\Container->call(Array)
#21 /home/vagrant/code/miDentix/vendor/laravel/framework/src/Illuminate/Pipeline/Pipeline.php(130): Illuminate\Bus\Dispatcher->Illuminate\Bus\{closure}(Object(App\Jobs\SendCampaignDistribution))
#22 /home/vagrant/code/miDentix/vendor/laravel/framework/src/Illuminate/Pipeline/Pipeline.php(105): Illuminate\Pipeline\Pipeline->Illuminate\Pipeline\{closure}(Object(App\Jobs\SendCampaignDistribution))
#23 /home/vagrant/code/miDentix/vendor/laravel/framework/src/Illuminate/Bus/Dispatcher.php(98): Illuminate\Pipeline\Pipeline->then(Object(Closure))
#24 /home/vagrant/code/miDentix/vendor/laravel/framework/src/Illuminate/Queue/CallQueuedHandler.php(83): Illuminate\Bus\Dispatcher->dispatchNow(Object(App\Jobs\SendCampaignDistribution), false)
#25 /home/vagrant/code/miDentix/vendor/laravel/framework/src/Illuminate/Pipeline/Pipeline.php(130): Illuminate\Queue\CallQueuedHandler->Illuminate\Queue\{closure}(Object(App\Jobs\SendCampaignDistribution))
#26 /home/vagrant/code/miDentix/vendor/laravel/framework/src/Illuminate/Pipeline/Pipeline.php(105): Illuminate\Pipeline\Pipeline->Illuminate\Pipeline\{closure}(Object(App\Jobs\SendCampaignDistribution))
#27 /home/vagrant/code/miDentix/vendor/laravel/framework/src/Illuminate/Queue/CallQueuedHandler.php(85): Illuminate\Pipeline\Pipeline->then(Object(Closure))
#28 /home/vagrant/code/miDentix/vendor/laravel/framework/src/Illuminate/Queue/CallQueuedHandler.php(59): Illuminate\Queue\CallQueuedHandler->dispatchThroughMiddleware(Object(Illuminate\Queue\Jobs\RedisJob), Object(App\Jobs\SendCampaignDistribution))
#29 /home/vagrant/code/miDentix/vendor/laravel/framework/src/Illuminate/Queue/Jobs/Job.php(88): Illuminate\Queue\CallQueuedHandler->call(Object(Illuminate\Queue\Jobs\RedisJob), Array)
#30 /home/vagrant/code/miDentix/vendor/laravel/framework/src/Illuminate/Queue/Worker.php(348): Illuminate\Queue\Jobs\Job->fire()
#31 /home/vagrant/code/miDentix/vendor/laravel/framework/src/Illuminate/Queue/Worker.php(294): Illuminate\Queue\Worker->process('redis', Object(Illuminate\Queue\Jobs\RedisJob), Object(Illuminate\Queue\WorkerOptions))
#32 /home/vagrant/code/miDentix/vendor/laravel/framework/src/Illuminate/Queue/Worker.php(129): Illuminate\Queue\Worker->runJob(Object(Illuminate\Queue\Jobs\RedisJob), 'redis', Object(Illuminate\Queue\WorkerOptions))
#33 /home/vagrant/code/miDentix/vendor/laravel/framework/src/Illuminate/Queue/Console/WorkCommand.php(112): Illuminate\Queue\Worker->daemon('redis', 'default', Object(Illuminate\Queue\WorkerOptions))
#34 /home/vagrant/code/miDentix/vendor/laravel/framework/src/Illuminate/Queue/Console/WorkCommand.php(96): Illuminate\Queue\Console\WorkCommand->runWorker('redis', 'default')
#35 [internal function]: Illuminate\Queue\Console\WorkCommand->handle()
#36 /home/vagrant/code/miDentix/vendor/laravel/framework/src/Illuminate/Container/BoundMethod.php(32): call_user_func_array(Array, Array)
#37 /home/vagrant/code/miDentix/vendor/laravel/framework/src/Illuminate/Support/helpers.php(520): Illuminate\Container\BoundMethod::Illuminate\Container\{closure}()
#38 /home/vagrant/code/miDentix/vendor/laravel/framework/src/Illuminate/Container/BoundMethod.php(90): value(Object(Closure))
#39 /home/vagrant/code/miDentix/vendor/laravel/framework/src/Illuminate/Container/BoundMethod.php(34): Illuminate\Container\BoundMethod::callBoundMethod(Object(Illuminate\Foundation\Application), Array, Object(Closure))
#40 /home/vagrant/code/miDentix/vendor/laravel/framework/src/Illuminate/Container/Container.php(591): Illuminate\Container\BoundMethod::call(Object(Illuminate\Foundation\Application), Array, Array, NULL)
#41 /home/vagrant/code/miDentix/vendor/laravel/framework/src/Illuminate/Console/Command.php(202): Illuminate\Container\Container->call(Array)
#42 /home/vagrant/code/miDentix/vendor/symfony/console/Command/Command.php(255): Illuminate\Console\Command->execute(Object(Symfony\Component\Console\Input\ArgvInput), Object(Illuminate\Console\OutputStyle))
#43 /home/vagrant/code/miDentix/vendor/laravel/framework/src/Illuminate/Console/Command.php(189): Symfony\Component\Console\Command\Command->run(Object(Symfony\Component\Console\Input\ArgvInput), Object(Illuminate\Console\OutputStyle))
#44 /home/vagrant/code/miDentix/vendor/symfony/console/Application.php(934): Illuminate\Console\Command->run(Object(Symfony\Component\Console\Input\ArgvInput), Object(Symfony\Component\Console\Output\ConsoleOutput))
#45 /home/vagrant/code/miDentix/vendor/symfony/console/Application.php(273): Symfony\Component\Console\Application->doRunCommand(Object(Illuminate\Queue\Console\WorkCommand), Object(Symfony\Component\Console\Input\ArgvInput), Object(Symfony\Component\Console\Output\ConsoleOutput))
#46 /home/vagrant/code/miDentix/vendor/symfony/console/Application.php(149): Symfony\Component\Console\Application->doRun(Object(Symfony\Component\Console\Input\ArgvInput), Object(Symfony\Component\Console\Output\ConsoleOutput))
#47 /home/vagrant/code/miDentix/vendor/laravel/framework/src/Illuminate/Console/Application.php(90): Symfony\Component\Console\Application->run(Object(Symfony\Component\Console\Input\ArgvInput), Object(Symfony\Component\Console\Output\ConsoleOutput))
#48 /home/vagrant/code/miDentix/vendor/laravel/framework/src/Illuminate/Foundation/Console/Kernel.php(131): Illuminate\Console\Application->run(Object(Symfony\Component\Console\Input\ArgvInput), Object(Symfony\Component\Console\Output\ConsoleOutput))
#49 /home/vagrant/code/miDentix/artisan(37): Illuminate\Foundation\Console\Kernel->handle(Object(Symfony\Component\Console\Input\ArgvInput), Object(Symfony\Component\Console\Output\ConsoleOutput))
#50 {main}

Next ErrorException: syntax error, unexpected end of file (View: /home/vagrant/code/miDentix/resources/views/emails/posterDistributionNotification.blade.php) in /home/vagrant/code/miDentix/storage/framework/views/70fc7d2dc46421a3da21a756cc31c6478d83ae18.php:12
Stack trace:
#0 /home/vagrant/code/miDentix/vendor/laravel/framework/src/Illuminate/View/Engines/PhpEngine.php(47): Illuminate\View\Engines\CompilerEngine->handleViewException(Object(Symfony\Component\Debug\Exception\FatalThrowableError), 0)
#1 /home/vagrant/code/miDentix/vendor/laravel/framework/src/Illuminate/View/Engines/CompilerEngine.php(59): Illuminate\View\Engines\PhpEngine->evaluatePath('/home/vagrant/c...', Array)
#2 /home/vagrant/code/miDentix/vendor/laravel/framework/src/Illuminate/View/View.php(143): Illuminate\View\Engines\CompilerEngine->get('/home/vagrant/c...', Array)
#3 /home/vagrant/code/miDentix/vendor/laravel/framework/src/Illuminate/View/View.php(126): Illuminate\View\View->getContents()
#4 /home/vagrant/code/miDentix/vendor/laravel/framework/src/Illuminate/View/View.php(91): Illuminate\View\View->renderContents()
#5 /home/vagrant/code/miDentix/vendor/laravel/framework/src/Illuminate/Mail/Markdown.php(61): Illuminate\View\View->render()
#6 /home/vagrant/code/miDentix/vendor/laravel/framework/src/Illuminate/Mail/Mailable.php(267): Illuminate\Mail\Markdown->render('emails.posterDi...', Array)
#7 /home/vagrant/code/miDentix/vendor/laravel/framework/src/Illuminate/Mail/Mailable.php(237): Illuminate\Mail\Mailable->buildMarkdownView()
#8 /home/vagrant/code/miDentix/vendor/laravel/framework/src/Illuminate/Mail/Mailable.php(153): Illuminate\Mail\Mailable->buildView()
#9 /home/vagrant/code/miDentix/vendor/laravel/framework/src/Illuminate/Support/Traits/Localizable.php(19): Illuminate\Mail\Mailable->Illuminate\Mail\{closure}()
#10 /home/vagrant/code/miDentix/vendor/laravel/framework/src/Illuminate/Mail/Mailable.php(160): Illuminate\Mail\Mailable->withLocale(NULL, Object(Closure))
#11 /home/vagrant/code/miDentix/vendor/laravel/framework/src/Illuminate/Mail/Mailer.php(275): Illuminate\Mail\Mailable->send(Object(Illuminate\Mail\Mailer))
#12 /home/vagrant/code/miDentix/vendor/laravel/framework/src/Illuminate/Mail/Mailer.php(229): Illuminate\Mail\Mailer->sendMailable(Object(App\Mail\PosterDistributionNotification))
#13 /home/vagrant/code/miDentix/vendor/laravel/framework/src/Illuminate/Mail/PendingMail.php(127): Illuminate\Mail\Mailer->send(Object(App\Mail\PosterDistributionNotification))
#14 /home/vagrant/code/miDentix/app/Jobs/SendCampaignDistribution.php(66): Illuminate\Mail\PendingMail->send(Object(App\Mail\PosterDistributionNotification))
#15 [internal function]: App\Jobs\SendCampaignDistribution->handle()
#16 /home/vagrant/code/miDentix/vendor/laravel/framework/src/Illuminate/Container/BoundMethod.php(32): call_user_func_array(Array, Array)
#17 /home/vagrant/code/miDentix/vendor/laravel/framework/src/Illuminate/Support/helpers.php(520): Illuminate\Container\BoundMethod::Illuminate\Container\{closure}()
#18 /home/vagrant/code/miDentix/vendor/laravel/framework/src/Illuminate/Container/BoundMethod.php(90): value(Object(Closure))
#19 /home/vagrant/code/miDentix/vendor/laravel/framework/src/Illuminate/Container/BoundMethod.php(34): Illuminate\Container\BoundMethod::callBoundMethod(Object(Illuminate\Foundation\Application), Array, Object(Closure))
#20 /home/vagrant/code/miDentix/vendor/laravel/framework/src/Illuminate/Container/Container.php(591): Illuminate\Container\BoundMethod::call(Object(Illuminate\Foundation\Application), Array, Array, NULL)
#21 /home/vagrant/code/miDentix/vendor/laravel/framework/src/Illuminate/Bus/Dispatcher.php(94): Illuminate\Container\Container->call(Array)
#22 /home/vagrant/code/miDentix/vendor/laravel/framework/src/Illuminate/Pipeline/Pipeline.php(130): Illuminate\Bus\Dispatcher->Illuminate\Bus\{closure}(Object(App\Jobs\SendCampaignDistribution))
#23 /home/vagrant/code/miDentix/vendor/laravel/framework/src/Illuminate/Pipeline/Pipeline.php(105): Illuminate\Pipeline\Pipeline->Illuminate\Pipeline\{closure}(Object(App\Jobs\SendCampaignDistribution))
#24 /home/vagrant/code/miDentix/vendor/laravel/framework/src/Illuminate/Bus/Dispatcher.php(98): Illuminate\Pipeline\Pipeline->then(Object(Closure))
#25 /home/vagrant/code/miDentix/vendor/laravel/framework/src/Illuminate/Queue/CallQueuedHandler.php(83): Illuminate\Bus\Dispatcher->dispatchNow(Object(App\Jobs\SendCampaignDistribution), false)
#26 /home/vagrant/code/miDentix/vendor/laravel/framework/src/Illuminate/Pipeline/Pipeline.php(130): Illuminate\Queue\CallQueuedHandler->Illuminate\Queue\{closure}(Object(App\Jobs\SendCampaignDistribution))
#27 /home/vagrant/code/miDentix/vendor/laravel/framework/src/Illuminate/Pipeline/Pipeline.php(105): Illuminate\Pipeline\Pipeline->Illuminate\Pipeline\{closure}(Object(App\Jobs\SendCampaignDistribution))
#28 /home/vagrant/code/miDentix/vendor/laravel/framework/src/Illuminate/Queue/CallQueuedHandler.php(85): Illuminate\Pipeline\Pipeline->then(Object(Closure))
#29 /home/vagrant/code/miDentix/vendor/laravel/framework/src/Illuminate/Queue/CallQueuedHandler.php(59): Illuminate\Queue\CallQueuedHandler->dispatchThroughMiddleware(Object(Illuminate\Queue\Jobs\RedisJob), Object(App\Jobs\SendCampaignDistribution))
#30 /home/vagrant/code/miDentix/vendor/laravel/framework/src/Illuminate/Queue/Jobs/Job.php(88): Illuminate\Queue\CallQueuedHandler->call(Object(Illuminate\Queue\Jobs\RedisJob), Array)
#31 /home/vagrant/code/miDentix/vendor/laravel/framework/src/Illuminate/Queue/Worker.php(348): Illuminate\Queue\Jobs\Job->fire()
#32 /home/vagrant/code/miDentix/vendor/laravel/framework/src/Illuminate/Queue/Worker.php(294): Illuminate\Queue\Worker->process('redis', Object(Illuminate\Queue\Jobs\RedisJob), Object(Illuminate\Queue\WorkerOptions))
#33 /home/vagrant/code/miDentix/vendor/laravel/framework/src/Illuminate/Queue/Worker.php(129): Illuminate\Queue\Worker->runJob(Object(Illuminate\Queue\Jobs\RedisJob), 'redis', Object(Illuminate\Queue\WorkerOptions))
#34 /home/vagrant/code/miDentix/vendor/laravel/framework/src/Illuminate/Queue/Console/WorkCommand.php(112): Illuminate\Queue\Worker->daemon('redis', 'default', Object(Illuminate\Queue\WorkerOptions))
#35 /home/vagrant/code/miDentix/vendor/laravel/framework/src/Illuminate/Queue/Console/WorkCommand.php(96): Illuminate\Queue\Console\WorkCommand->runWorker('redis', 'default')
#36 [internal function]: Illuminate\Queue\Console\WorkCommand->handle()
#37 /home/vagrant/code/miDentix/vendor/laravel/framework/src/Illuminate/Container/BoundMethod.php(32): call_user_func_array(Array, Array)
#38 /home/vagrant/code/miDentix/vendor/laravel/framework/src/Illuminate/Support/helpers.php(520): Illuminate\Container\BoundMethod::Illuminate\Container\{closure}()
#39 /home/vagrant/code/miDentix/vendor/laravel/framework/src/Illuminate/Container/BoundMethod.php(90): value(Object(Closure))
#40 /home/vagrant/code/miDentix/vendor/laravel/framework/src/Illuminate/Container/BoundMethod.php(34): Illuminate\Container\BoundMethod::callBoundMethod(Object(Illuminate\Foundation\Application), Array, Object(Closure))
#41 /home/vagrant/code/miDentix/vendor/laravel/framework/src/Illuminate/Container/Container.php(591): Illuminate\Container\BoundMethod::call(Object(Illuminate\Foundation\Application), Array, Array, NULL)
#42 /home/vagrant/code/miDentix/vendor/laravel/framework/src/Illuminate/Console/Command.php(202): Illuminate\Container\Container->call(Array)
#43 /home/vagrant/code/miDentix/vendor/symfony/console/Command/Command.php(255): Illuminate\Console\Command->execute(Object(Symfony\Component\Console\Input\ArgvInput), Object(Illuminate\Console\OutputStyle))
#44 /home/vagrant/code/miDentix/vendor/laravel/framework/src/Illuminate/Console/Command.php(189): Symfony\Component\Console\Command\Command->run(Object(Symfony\Component\Console\Input\ArgvInput), Object(Illuminate\Console\OutputStyle))
#45 /home/vagrant/code/miDentix/vendor/symfony/console/Application.php(934): Illuminate\Console\Command->run(Object(Symfony\Component\Console\Input\ArgvInput), Object(Symfony\Component\Console\Output\ConsoleOutput))
#46 /home/vagrant/code/miDentix/vendor/symfony/console/Application.php(273): Symfony\Component\Console\Application->doRunCommand(Object(Illuminate\Queue\Console\WorkCommand), Object(Symfony\Component\Console\Input\ArgvInput), Object(Symfony\Component\Console\Output\ConsoleOutput))
#47 /home/vagrant/code/miDentix/vendor/symfony/console/Application.php(149): Symfony\Component\Console\Application->doRun(Object(Symfony\Component\Console\Input\ArgvInput), Object(Symfony\Component\Console\Output\ConsoleOutput))
#48 /home/vagrant/code/miDentix/vendor/laravel/framework/src/Illuminate/Console/Application.php(90): Symfony\Component\Console\Application->run(Object(Symfony\Component\Console\Input\ArgvInput), Object(Symfony\Component\Console\Output\ConsoleOutput))
#49 /home/vagrant/code/miDentix/vendor/laravel/framework/src/Illuminate/Foundation/Console/Kernel.php(131): Illuminate\Console\Application->run(Object(Symfony\Component\Console\Input\ArgvInput), Object(Symfony\Component\Console\Output\ConsoleOutput))
#50 /home/vagrant/code/miDentix/artisan(37): Illuminate\Foundation\Console\Kernel->handle(Object(Symfony\Component\Console\Input\ArgvInput), Object(Symfony\Component\Console\Output\ConsoleOutput))
#51 {main}","2019-11-14 17:06:23"
2,"redis","default","{""timeout"":null,""id"":""lcph5hPa9MYxYoyuBlQdrpTht7JySPhY"",""data"":{""command"":""O:33:\""App\\Jobs\\SendCampaignDistribution\"":13:{s:6:\""clinic\"";O:45:\""Illuminate\\Contracts\\Database\\ModelIdentifier\"":4:{s:5:\""class\"";s:10:\""App\\Clinic\"";s:2:\""id\"";i:219;s:9:\""relations\"";a:3:{i:0;s:9:\""addresses\"";i:1;s:6:\""phones\"";i:2;s:15:\""clinic_siblings\"";}s:10:\""connection\"";s:5:\""mysql\"";}s:8:\""campaign\"";O:45:\""Illuminate\\Contracts\\Database\\ModelIdentifier\"":4:{s:5:\""class\"";s:12:\""App\\Campaign\"";s:2:\""id\"";i:17;s:9:\""relations\"";a:3:{i:0;s:16:\""campaign_posters\"";i:1;s:26:\""campaign_poster_priorities\"";i:2;s:14:\""sanitary_codes\"";}s:10:\""connection\"";s:5:\""mysql\"";}s:3:\""pdf\"";s:179:\""\/home\/vagrant\/code\/miDentix\/storage\/app\/clinics\/Eibar (Toribio Etxebarria Kalea, 13)\/facadesByCampaign\/\/\/Eibar (Toribio Etxebarria Kalea, 13)-Follow Up (Promo Navidad)-posters.pdf\"";s:4:\""name\"";s:60:\""Eibar (Toribio Etxebarria Kalea, 13)-Carteleria-Nov-2019.pdf\"";s:4:\""fake\"";b:1;s:6:\""\u0000*\u0000job\"";N;s:10:\""connection\"";N;s:5:\""queue\"";N;s:15:\""chainConnection\"";N;s:10:\""chainQueue\"";N;s:5:\""delay\"";N;s:10:\""middleware\"";a:0:{}s:7:\""chained\"";a:0:{}}"",""commandName"":""App\\Jobs\\SendCampaignDistribution""},""displayName"":""App\\Jobs\\SendCampaignDistribution"",""timeoutAt"":null,""job"":""Illuminate\\Queue\\CallQueuedHandler@call"",""maxTries"":null,""delay"":null,""attempts"":1}","Symfony\Component\Debug\Exception\FatalThrowableError: syntax error, unexpected end of file in /home/vagrant/code/miDentix/storage/framework/views/70fc7d2dc46421a3da21a756cc31c6478d83ae18.php:12
Stack trace:
#0 /home/vagrant/code/miDentix/vendor/laravel/framework/src/Illuminate/View/Engines/CompilerEngine.php(59): Illuminate\View\Engines\PhpEngine->evaluatePath('/home/vagrant/c...', Array)
#1 /home/vagrant/code/miDentix/vendor/laravel/framework/src/Illuminate/View/View.php(143): Illuminate\View\Engines\CompilerEngine->get('/home/vagrant/c...', Array)
#2 /home/vagrant/code/miDentix/vendor/laravel/framework/src/Illuminate/View/View.php(126): Illuminate\View\View->getContents()
#3 /home/vagrant/code/miDentix/vendor/laravel/framework/src/Illuminate/View/View.php(91): Illuminate\View\View->renderContents()
#4 /home/vagrant/code/miDentix/vendor/laravel/framework/src/Illuminate/Mail/Markdown.php(61): Illuminate\View\View->render()
#5 /home/vagrant/code/miDentix/vendor/laravel/framework/src/Illuminate/Mail/Mailable.php(267): Illuminate\Mail\Markdown->render('emails.posterDi...', Array)
#6 /home/vagrant/code/miDentix/vendor/laravel/framework/src/Illuminate/Mail/Mailable.php(237): Illuminate\Mail\Mailable->buildMarkdownView()
#7 /home/vagrant/code/miDentix/vendor/laravel/framework/src/Illuminate/Mail/Mailable.php(153): Illuminate\Mail\Mailable->buildView()
#8 /home/vagrant/code/miDentix/vendor/laravel/framework/src/Illuminate/Support/Traits/Localizable.php(19): Illuminate\Mail\Mailable->Illuminate\Mail\{closure}()
#9 /home/vagrant/code/miDentix/vendor/laravel/framework/src/Illuminate/Mail/Mailable.php(160): Illuminate\Mail\Mailable->withLocale(NULL, Object(Closure))
#10 /home/vagrant/code/miDentix/vendor/laravel/framework/src/Illuminate/Mail/Mailer.php(275): Illuminate\Mail\Mailable->send(Object(Illuminate\Mail\Mailer))
#11 /home/vagrant/code/miDentix/vendor/laravel/framework/src/Illuminate/Mail/Mailer.php(229): Illuminate\Mail\Mailer->sendMailable(Object(App\Mail\PosterDistributionNotification))
#12 /home/vagrant/code/miDentix/vendor/laravel/framework/src/Illuminate/Mail/PendingMail.php(127): Illuminate\Mail\Mailer->send(Object(App\Mail\PosterDistributionNotification))
#13 /home/vagrant/code/miDentix/app/Jobs/SendCampaignDistribution.php(66): Illuminate\Mail\PendingMail->send(Object(App\Mail\PosterDistributionNotification))
#14 [internal function]: App\Jobs\SendCampaignDistribution->handle()
#15 /home/vagrant/code/miDentix/vendor/laravel/framework/src/Illuminate/Container/BoundMethod.php(32): call_user_func_array(Array, Array)
#16 /home/vagrant/code/miDentix/vendor/laravel/framework/src/Illuminate/Support/helpers.php(520): Illuminate\Container\BoundMethod::Illuminate\Container\{closure}()
#17 /home/vagrant/code/miDentix/vendor/laravel/framework/src/Illuminate/Container/BoundMethod.php(90): value(Object(Closure))
#18 /home/vagrant/code/miDentix/vendor/laravel/framework/src/Illuminate/Container/BoundMethod.php(34): Illuminate\Container\BoundMethod::callBoundMethod(Object(Illuminate\Foundation\Application), Array, Object(Closure))
#19 /home/vagrant/code/miDentix/vendor/laravel/framework/src/Illuminate/Container/Container.php(591): Illuminate\Container\BoundMethod::call(Object(Illuminate\Foundation\Application), Array, Array, NULL)
#20 /home/vagrant/code/miDentix/vendor/laravel/framework/src/Illuminate/Bus/Dispatcher.php(94): Illuminate\Container\Container->call(Array)
#21 /home/vagrant/code/miDentix/vendor/laravel/framework/src/Illuminate/Pipeline/Pipeline.php(130): Illuminate\Bus\Dispatcher->Illuminate\Bus\{closure}(Object(App\Jobs\SendCampaignDistribution))
#22 /home/vagrant/code/miDentix/vendor/laravel/framework/src/Illuminate/Pipeline/Pipeline.php(105): Illuminate\Pipeline\Pipeline->Illuminate\Pipeline\{closure}(Object(App\Jobs\SendCampaignDistribution))
#23 /home/vagrant/code/miDentix/vendor/laravel/framework/src/Illuminate/Bus/Dispatcher.php(98): Illuminate\Pipeline\Pipeline->then(Object(Closure))
#24 /home/vagrant/code/miDentix/vendor/laravel/framework/src/Illuminate/Queue/CallQueuedHandler.php(83): Illuminate\Bus\Dispatcher->dispatchNow(Object(App\Jobs\SendCampaignDistribution), false)
#25 /home/vagrant/code/miDentix/vendor/laravel/framework/src/Illuminate/Pipeline/Pipeline.php(130): Illuminate\Queue\CallQueuedHandler->Illuminate\Queue\{closure}(Object(App\Jobs\SendCampaignDistribution))
#26 /home/vagrant/code/miDentix/vendor/laravel/framework/src/Illuminate/Pipeline/Pipeline.php(105): Illuminate\Pipeline\Pipeline->Illuminate\Pipeline\{closure}(Object(App\Jobs\SendCampaignDistribution))
#27 /home/vagrant/code/miDentix/vendor/laravel/framework/src/Illuminate/Queue/CallQueuedHandler.php(85): Illuminate\Pipeline\Pipeline->then(Object(Closure))
#28 /home/vagrant/code/miDentix/vendor/laravel/framework/src/Illuminate/Queue/CallQueuedHandler.php(59): Illuminate\Queue\CallQueuedHandler->dispatchThroughMiddleware(Object(Illuminate\Queue\Jobs\RedisJob), Object(App\Jobs\SendCampaignDistribution))
#29 /home/vagrant/code/miDentix/vendor/laravel/framework/src/Illuminate/Queue/Jobs/Job.php(88): Illuminate\Queue\CallQueuedHandler->call(Object(Illuminate\Queue\Jobs\RedisJob), Array)
#30 /home/vagrant/code/miDentix/vendor/laravel/framework/src/Illuminate/Queue/Worker.php(348): Illuminate\Queue\Jobs\Job->fire()
#31 /home/vagrant/code/miDentix/vendor/laravel/framework/src/Illuminate/Queue/Worker.php(294): Illuminate\Queue\Worker->process('redis', Object(Illuminate\Queue\Jobs\RedisJob), Object(Illuminate\Queue\WorkerOptions))
#32 /home/vagrant/code/miDentix/vendor/laravel/framework/src/Illuminate/Queue/Worker.php(129): Illuminate\Queue\Worker->runJob(Object(Illuminate\Queue\Jobs\RedisJob), 'redis', Object(Illuminate\Queue\WorkerOptions))
#33 /home/vagrant/code/miDentix/vendor/laravel/framework/src/Illuminate/Queue/Console/WorkCommand.php(112): Illuminate\Queue\Worker->daemon('redis', 'default', Object(Illuminate\Queue\WorkerOptions))
#34 /home/vagrant/code/miDentix/vendor/laravel/framework/src/Illuminate/Queue/Console/WorkCommand.php(96): Illuminate\Queue\Console\WorkCommand->runWorker('redis', 'default')
#35 [internal function]: Illuminate\Queue\Console\WorkCommand->handle()
#36 /home/vagrant/code/miDentix/vendor/laravel/framework/src/Illuminate/Container/BoundMethod.php(32): call_user_func_array(Array, Array)
#37 /home/vagrant/code/miDentix/vendor/laravel/framework/src/Illuminate/Support/helpers.php(520): Illuminate\Container\BoundMethod::Illuminate\Container\{closure}()
#38 /home/vagrant/code/miDentix/vendor/laravel/framework/src/Illuminate/Container/BoundMethod.php(90): value(Object(Closure))
#39 /home/vagrant/code/miDentix/vendor/laravel/framework/src/Illuminate/Container/BoundMethod.php(34): Illuminate\Container\BoundMethod::callBoundMethod(Object(Illuminate\Foundation\Application), Array, Object(Closure))
#40 /home/vagrant/code/miDentix/vendor/laravel/framework/src/Illuminate/Container/Container.php(591): Illuminate\Container\BoundMethod::call(Object(Illuminate\Foundation\Application), Array, Array, NULL)
#41 /home/vagrant/code/miDentix/vendor/laravel/framework/src/Illuminate/Console/Command.php(202): Illuminate\Container\Container->call(Array)
#42 /home/vagrant/code/miDentix/vendor/symfony/console/Command/Command.php(255): Illuminate\Console\Command->execute(Object(Symfony\Component\Console\Input\ArgvInput), Object(Illuminate\Console\OutputStyle))
#43 /home/vagrant/code/miDentix/vendor/laravel/framework/src/Illuminate/Console/Command.php(189): Symfony\Component\Console\Command\Command->run(Object(Symfony\Component\Console\Input\ArgvInput), Object(Illuminate\Console\OutputStyle))
#44 /home/vagrant/code/miDentix/vendor/symfony/console/Application.php(934): Illuminate\Console\Command->run(Object(Symfony\Component\Console\Input\ArgvInput), Object(Symfony\Component\Console\Output\ConsoleOutput))
#45 /home/vagrant/code/miDentix/vendor/symfony/console/Application.php(273): Symfony\Component\Console\Application->doRunCommand(Object(Illuminate\Queue\Console\WorkCommand), Object(Symfony\Component\Console\Input\ArgvInput), Object(Symfony\Component\Console\Output\ConsoleOutput))
#46 /home/vagrant/code/miDentix/vendor/symfony/console/Application.php(149): Symfony\Component\Console\Application->doRun(Object(Symfony\Component\Console\Input\ArgvInput), Object(Symfony\Component\Console\Output\ConsoleOutput))
#47 /home/vagrant/code/miDentix/vendor/laravel/framework/src/Illuminate/Console/Application.php(90): Symfony\Component\Console\Application->run(Object(Symfony\Component\Console\Input\ArgvInput), Object(Symfony\Component\Console\Output\ConsoleOutput))
#48 /home/vagrant/code/miDentix/vendor/laravel/framework/src/Illuminate/Foundation/Console/Kernel.php(131): Illuminate\Console\Application->run(Object(Symfony\Component\Console\Input\ArgvInput), Object(Symfony\Component\Console\Output\ConsoleOutput))
#49 /home/vagrant/code/miDentix/artisan(37): Illuminate\Foundation\Console\Kernel->handle(Object(Symfony\Component\Console\Input\ArgvInput), Object(Symfony\Component\Console\Output\ConsoleOutput))
#50 {main}

Next ErrorException: syntax error, unexpected end of file (View: /home/vagrant/code/miDentix/resources/views/emails/posterDistributionNotification.blade.php) in /home/vagrant/code/miDentix/storage/framework/views/70fc7d2dc46421a3da21a756cc31c6478d83ae18.php:12
Stack trace:
#0 /home/vagrant/code/miDentix/vendor/laravel/framework/src/Illuminate/View/Engines/PhpEngine.php(47): Illuminate\View\Engines\CompilerEngine->handleViewException(Object(Symfony\Component\Debug\Exception\FatalThrowableError), 0)
#1 /home/vagrant/code/miDentix/vendor/laravel/framework/src/Illuminate/View/Engines/CompilerEngine.php(59): Illuminate\View\Engines\PhpEngine->evaluatePath('/home/vagrant/c...', Array)
#2 /home/vagrant/code/miDentix/vendor/laravel/framework/src/Illuminate/View/View.php(143): Illuminate\View\Engines\CompilerEngine->get('/home/vagrant/c...', Array)
#3 /home/vagrant/code/miDentix/vendor/laravel/framework/src/Illuminate/View/View.php(126): Illuminate\View\View->getContents()
#4 /home/vagrant/code/miDentix/vendor/laravel/framework/src/Illuminate/View/View.php(91): Illuminate\View\View->renderContents()
#5 /home/vagrant/code/miDentix/vendor/laravel/framework/src/Illuminate/Mail/Markdown.php(61): Illuminate\View\View->render()
#6 /home/vagrant/code/miDentix/vendor/laravel/framework/src/Illuminate/Mail/Mailable.php(267): Illuminate\Mail\Markdown->render('emails.posterDi...', Array)
#7 /home/vagrant/code/miDentix/vendor/laravel/framework/src/Illuminate/Mail/Mailable.php(237): Illuminate\Mail\Mailable->buildMarkdownView()
#8 /home/vagrant/code/miDentix/vendor/laravel/framework/src/Illuminate/Mail/Mailable.php(153): Illuminate\Mail\Mailable->buildView()
#9 /home/vagrant/code/miDentix/vendor/laravel/framework/src/Illuminate/Support/Traits/Localizable.php(19): Illuminate\Mail\Mailable->Illuminate\Mail\{closure}()
#10 /home/vagrant/code/miDentix/vendor/laravel/framework/src/Illuminate/Mail/Mailable.php(160): Illuminate\Mail\Mailable->withLocale(NULL, Object(Closure))
#11 /home/vagrant/code/miDentix/vendor/laravel/framework/src/Illuminate/Mail/Mailer.php(275): Illuminate\Mail\Mailable->send(Object(Illuminate\Mail\Mailer))
#12 /home/vagrant/code/miDentix/vendor/laravel/framework/src/Illuminate/Mail/Mailer.php(229): Illuminate\Mail\Mailer->sendMailable(Object(App\Mail\PosterDistributionNotification))
#13 /home/vagrant/code/miDentix/vendor/laravel/framework/src/Illuminate/Mail/PendingMail.php(127): Illuminate\Mail\Mailer->send(Object(App\Mail\PosterDistributionNotification))
#14 /home/vagrant/code/miDentix/app/Jobs/SendCampaignDistribution.php(66): Illuminate\Mail\PendingMail->send(Object(App\Mail\PosterDistributionNotification))
#15 [internal function]: App\Jobs\SendCampaignDistribution->handle()
#16 /home/vagrant/code/miDentix/vendor/laravel/framework/src/Illuminate/Container/BoundMethod.php(32): call_user_func_array(Array, Array)
#17 /home/vagrant/code/miDentix/vendor/laravel/framework/src/Illuminate/Support/helpers.php(520): Illuminate\Container\BoundMethod::Illuminate\Container\{closure}()
#18 /home/vagrant/code/miDentix/vendor/laravel/framework/src/Illuminate/Container/BoundMethod.php(90): value(Object(Closure))
#19 /home/vagrant/code/miDentix/vendor/laravel/framework/src/Illuminate/Container/BoundMethod.php(34): Illuminate\Container\BoundMethod::callBoundMethod(Object(Illuminate\Foundation\Application), Array, Object(Closure))
#20 /home/vagrant/code/miDentix/vendor/laravel/framework/src/Illuminate/Container/Container.php(591): Illuminate\Container\BoundMethod::call(Object(Illuminate\Foundation\Application), Array, Array, NULL)
#21 /home/vagrant/code/miDentix/vendor/laravel/framework/src/Illuminate/Bus/Dispatcher.php(94): Illuminate\Container\Container->call(Array)
#22 /home/vagrant/code/miDentix/vendor/laravel/framework/src/Illuminate/Pipeline/Pipeline.php(130): Illuminate\Bus\Dispatcher->Illuminate\Bus\{closure}(Object(App\Jobs\SendCampaignDistribution))
#23 /home/vagrant/code/miDentix/vendor/laravel/framework/src/Illuminate/Pipeline/Pipeline.php(105): Illuminate\Pipeline\Pipeline->Illuminate\Pipeline\{closure}(Object(App\Jobs\SendCampaignDistribution))
#24 /home/vagrant/code/miDentix/vendor/laravel/framework/src/Illuminate/Bus/Dispatcher.php(98): Illuminate\Pipeline\Pipeline->then(Object(Closure))
#25 /home/vagrant/code/miDentix/vendor/laravel/framework/src/Illuminate/Queue/CallQueuedHandler.php(83): Illuminate\Bus\Dispatcher->dispatchNow(Object(App\Jobs\SendCampaignDistribution), false)
#26 /home/vagrant/code/miDentix/vendor/laravel/framework/src/Illuminate/Pipeline/Pipeline.php(130): Illuminate\Queue\CallQueuedHandler->Illuminate\Queue\{closure}(Object(App\Jobs\SendCampaignDistribution))
#27 /home/vagrant/code/miDentix/vendor/laravel/framework/src/Illuminate/Pipeline/Pipeline.php(105): Illuminate\Pipeline\Pipeline->Illuminate\Pipeline\{closure}(Object(App\Jobs\SendCampaignDistribution))
#28 /home/vagrant/code/miDentix/vendor/laravel/framework/src/Illuminate/Queue/CallQueuedHandler.php(85): Illuminate\Pipeline\Pipeline->then(Object(Closure))
#29 /home/vagrant/code/miDentix/vendor/laravel/framework/src/Illuminate/Queue/CallQueuedHandler.php(59): Illuminate\Queue\CallQueuedHandler->dispatchThroughMiddleware(Object(Illuminate\Queue\Jobs\RedisJob), Object(App\Jobs\SendCampaignDistribution))
#30 /home/vagrant/code/miDentix/vendor/laravel/framework/src/Illuminate/Queue/Jobs/Job.php(88): Illuminate\Queue\CallQueuedHandler->call(Object(Illuminate\Queue\Jobs\RedisJob), Array)
#31 /home/vagrant/code/miDentix/vendor/laravel/framework/src/Illuminate/Queue/Worker.php(348): Illuminate\Queue\Jobs\Job->fire()
#32 /home/vagrant/code/miDentix/vendor/laravel/framework/src/Illuminate/Queue/Worker.php(294): Illuminate\Queue\Worker->process('redis', Object(Illuminate\Queue\Jobs\RedisJob), Object(Illuminate\Queue\WorkerOptions))
#33 /home/vagrant/code/miDentix/vendor/laravel/framework/src/Illuminate/Queue/Worker.php(129): Illuminate\Queue\Worker->runJob(Object(Illuminate\Queue\Jobs\RedisJob), 'redis', Object(Illuminate\Queue\WorkerOptions))
#34 /home/vagrant/code/miDentix/vendor/laravel/framework/src/Illuminate/Queue/Console/WorkCommand.php(112): Illuminate\Queue\Worker->daemon('redis', 'default', Object(Illuminate\Queue\WorkerOptions))
#35 /home/vagrant/code/miDentix/vendor/laravel/framework/src/Illuminate/Queue/Console/WorkCommand.php(96): Illuminate\Queue\Console\WorkCommand->runWorker('redis', 'default')
#36 [internal function]: Illuminate\Queue\Console\WorkCommand->handle()
#37 /home/vagrant/code/miDentix/vendor/laravel/framework/src/Illuminate/Container/BoundMethod.php(32): call_user_func_array(Array, Array)
#38 /home/vagrant/code/miDentix/vendor/laravel/framework/src/Illuminate/Support/helpers.php(520): Illuminate\Container\BoundMethod::Illuminate\Container\{closure}()
#39 /home/vagrant/code/miDentix/vendor/laravel/framework/src/Illuminate/Container/BoundMethod.php(90): value(Object(Closure))
#40 /home/vagrant/code/miDentix/vendor/laravel/framework/src/Illuminate/Container/BoundMethod.php(34): Illuminate\Container\BoundMethod::callBoundMethod(Object(Illuminate\Foundation\Application), Array, Object(Closure))
#41 /home/vagrant/code/miDentix/vendor/laravel/framework/src/Illuminate/Container/Container.php(591): Illuminate\Container\BoundMethod::call(Object(Illuminate\Foundation\Application), Array, Array, NULL)
#42 /home/vagrant/code/miDentix/vendor/laravel/framework/src/Illuminate/Console/Command.php(202): Illuminate\Container\Container->call(Array)
#43 /home/vagrant/code/miDentix/vendor/symfony/console/Command/Command.php(255): Illuminate\Console\Command->execute(Object(Symfony\Component\Console\Input\ArgvInput), Object(Illuminate\Console\OutputStyle))
#44 /home/vagrant/code/miDentix/vendor/laravel/framework/src/Illuminate/Console/Command.php(189): Symfony\Component\Console\Command\Command->run(Object(Symfony\Component\Console\Input\ArgvInput), Object(Illuminate\Console\OutputStyle))
#45 /home/vagrant/code/miDentix/vendor/symfony/console/Application.php(934): Illuminate\Console\Command->run(Object(Symfony\Component\Console\Input\ArgvInput), Object(Symfony\Component\Console\Output\ConsoleOutput))
#46 /home/vagrant/code/miDentix/vendor/symfony/console/Application.php(273): Symfony\Component\Console\Application->doRunCommand(Object(Illuminate\Queue\Console\WorkCommand), Object(Symfony\Component\Console\Input\ArgvInput), Object(Symfony\Component\Console\Output\ConsoleOutput))
#47 /home/vagrant/code/miDentix/vendor/symfony/console/Application.php(149): Symfony\Component\Console\Application->doRun(Object(Symfony\Component\Console\Input\ArgvInput), Object(Symfony\Component\Console\Output\ConsoleOutput))
#48 /home/vagrant/code/miDentix/vendor/laravel/framework/src/Illuminate/Console/Application.php(90): Symfony\Component\Console\Application->run(Object(Symfony\Component\Console\Input\ArgvInput), Object(Symfony\Component\Console\Output\ConsoleOutput))
#49 /home/vagrant/code/miDentix/vendor/laravel/framework/src/Illuminate/Foundation/Console/Kernel.php(131): Illuminate\Console\Application->run(Object(Symfony\Component\Console\Input\ArgvInput), Object(Symfony\Component\Console\Output\ConsoleOutput))
#50 /home/vagrant/code/miDentix/artisan(37): Illuminate\Foundation\Console\Kernel->handle(Object(Symfony\Component\Console\Input\ArgvInput), Object(Symfony\Component\Console\Output\ConsoleOutput))
#51 {main}","2019-11-14 17:13:18"
