id,"connection","queue","payload","exception","failed_at"
1,"redis","default","{""displayName"":""Maatwebsite\\Excel\\Jobs\\AppendViewToSheet"",""job"":""Illuminate\\Queue\\CallQueuedHandler@call"",""maxTries"":null,""delay"":null,""timeout"":null,""timeoutAt"":null,""data"":{""commandName"":""Maatwebsite\\Excel\\Jobs\\AppendViewToSheet"",""command"":""O:40:\""Maatwebsite\\Excel\\Jobs\\AppendViewToSheet\"":11:{s:13:\""temporaryFile\"";O:42:\""Maatwebsite\\Excel\\Files\\LocalTemporaryFile\"":1:{s:52:\""\u0000Maatwebsite\\Excel\\Files\\LocalTemporaryFile\u0000filePath\"";s:51:\""\/tmp\/laravel-excel-DJv3JLIQAEOLzLnhAwNvvLfjra2cS534\"";}s:10:\""writerType\"";s:4:\""Xlsx\"";s:10:\""sheetIndex\"";i:0;s:11:\""sheetExport\"";O:39:\""App\\Exports\\ClinicPosterPriorityExports\"":0:{}s:10:\""connection\"";N;s:5:\""queue\"";N;s:15:\""chainConnection\"";N;s:10:\""chainQueue\"";N;s:5:\""delay\"";N;s:10:\""middleware\"";a:0:{}s:7:\""chained\"";a:2:{i:0;s:638:\""O:33:\""Maatwebsite\\Excel\\Jobs\\CloseSheet\"":11:{s:46:\""\u0000Maatwebsite\\Excel\\Jobs\\CloseSheet\u0000sheetExport\"";O:39:\""App\\Exports\\ClinicPosterPriorityExports\"":0:{}s:48:\""\u0000Maatwebsite\\Excel\\Jobs\\CloseSheet\u0000temporaryFile\"";O:42:\""Maatwebsite\\Excel\\Files\\LocalTemporaryFile\"":1:{s:52:\""\u0000Maatwebsite\\Excel\\Files\\LocalTemporaryFile\u0000filePath\"";s:51:\""\/tmp\/laravel-excel-DJv3JLIQAEOLzLnhAwNvvLfjra2cS534\"";}s:45:\""\u0000Maatwebsite\\Excel\\Jobs\\CloseSheet\u0000writerType\"";s:4:\""Xlsx\"";s:45:\""\u0000Maatwebsite\\Excel\\Jobs\\CloseSheet\u0000sheetIndex\"";i:0;s:10:\""connection\"";N;s:5:\""queue\"";N;s:15:\""chainConnection\"";N;s:10:\""chainQueue\"";N;s:5:\""delay\"";N;s:10:\""middleware\"";a:0:{}s:7:\""chained\"";a:0:{}}\"";i:1;s:685:\""O:40:\""Maatwebsite\\Excel\\Jobs\\StoreQueuedExport\"":11:{s:50:\""\u0000Maatwebsite\\Excel\\Jobs\\StoreQueuedExport\u0000filePath\"";s:70:\""\/home\/vagrant\/code\/miDentix\/storage\/app\/temp\/ClinicPosterPriority.xlsx\"";s:46:\""\u0000Maatwebsite\\Excel\\Jobs\\StoreQueuedExport\u0000disk\"";N;s:55:\""\u0000Maatwebsite\\Excel\\Jobs\\StoreQueuedExport\u0000temporaryFile\"";O:42:\""Maatwebsite\\Excel\\Files\\LocalTemporaryFile\"":1:{s:52:\""\u0000Maatwebsite\\Excel\\Files\\LocalTemporaryFile\u0000filePath\"";s:51:\""\/tmp\/laravel-excel-DJv3JLIQAEOLzLnhAwNvvLfjra2cS534\"";}s:53:\""\u0000Maatwebsite\\Excel\\Jobs\\StoreQueuedExport\u0000diskOptions\"";a:0:{}s:10:\""connection\"";N;s:5:\""queue\"";N;s:15:\""chainConnection\"";N;s:10:\""chainQueue\"";N;s:5:\""delay\"";N;s:10:\""middleware\"";a:0:{}s:7:\""chained\"";a:0:{}}\"";}}""},""id"":""a65UfoBeLeEQssF5vyrEc0L5Nbs7JJ2Z"",""attempts"":0}","Symfony\Component\Debug\Exception\FatalThrowableError: Return value of App\Exports\ClinicPosterPriorityExports::view() must be an instance of Illuminate\Contracts\View\View, none returned in /home/vagrant/code/miDentix/app/Exports/ClinicPosterPriorityExports.php:40
Stack trace:
#0 /home/vagrant/code/miDentix/vendor/maatwebsite/excel/src/Sheet.php(346): App\Exports\ClinicPosterPriorityExports->view()
#1 /home/vagrant/code/miDentix/vendor/maatwebsite/excel/src/Jobs/AppendViewToSheet.php(63): Maatwebsite\Excel\Sheet->fromView(Object(App\Exports\ClinicPosterPriorityExports), 0)
#2 [internal function]: Maatwebsite\Excel\Jobs\AppendViewToSheet->handle(Object(Maatwebsite\Excel\Writer))
#3 /home/vagrant/code/miDentix/vendor/laravel/framework/src/Illuminate/Container/BoundMethod.php(32): call_user_func_array(Array, Array)
#4 /home/vagrant/code/miDentix/vendor/laravel/framework/src/Illuminate/Container/Util.php(34): Illuminate\Container\BoundMethod::Illuminate\Container\{closure}()
#5 /home/vagrant/code/miDentix/vendor/laravel/framework/src/Illuminate/Container/BoundMethod.php(90): Illuminate\Container\Util::unwrapIfClosure(Object(Closure))
#6 /home/vagrant/code/miDentix/vendor/laravel/framework/src/Illuminate/Container/BoundMethod.php(34): Illuminate\Container\BoundMethod::callBoundMethod(Object(Illuminate\Foundation\Application), Array, Object(Closure))
#7 /home/vagrant/code/miDentix/vendor/laravel/framework/src/Illuminate/Container/Container.php(590): Illuminate\Container\BoundMethod::call(Object(Illuminate\Foundation\Application), Array, Array, NULL)
#8 /home/vagrant/code/miDentix/vendor/laravel/framework/src/Illuminate/Bus/Dispatcher.php(94): Illuminate\Container\Container->call(Array)
#9 /home/vagrant/code/miDentix/vendor/laravel/framework/src/Illuminate/Pipeline/Pipeline.php(130): Illuminate\Bus\Dispatcher->Illuminate\Bus\{closure}(Object(Maatwebsite\Excel\Jobs\AppendViewToSheet))
#10 /home/vagrant/code/miDentix/vendor/laravel/framework/src/Illuminate/Pipeline/Pipeline.php(105): Illuminate\Pipeline\Pipeline->Illuminate\Pipeline\{closure}(Object(Maatwebsite\Excel\Jobs\AppendViewToSheet))
#11 /home/vagrant/code/miDentix/vendor/laravel/framework/src/Illuminate/Bus/Dispatcher.php(98): Illuminate\Pipeline\Pipeline->then(Object(Closure))
#12 /home/vagrant/code/miDentix/vendor/laravel/framework/src/Illuminate/Queue/CallQueuedHandler.php(83): Illuminate\Bus\Dispatcher->dispatchNow(Object(Maatwebsite\Excel\Jobs\AppendViewToSheet), false)
#13 /home/vagrant/code/miDentix/vendor/laravel/framework/src/Illuminate/Pipeline/Pipeline.php(130): Illuminate\Queue\CallQueuedHandler->Illuminate\Queue\{closure}(Object(Maatwebsite\Excel\Jobs\AppendViewToSheet))
#14 /home/vagrant/code/miDentix/vendor/laravel/framework/src/Illuminate/Pipeline/Pipeline.php(105): Illuminate\Pipeline\Pipeline->Illuminate\Pipeline\{closure}(Object(Maatwebsite\Excel\Jobs\AppendViewToSheet))
#15 /home/vagrant/code/miDentix/vendor/laravel/framework/src/Illuminate/Queue/CallQueuedHandler.php(85): Illuminate\Pipeline\Pipeline->then(Object(Closure))
#16 /home/vagrant/code/miDentix/vendor/laravel/framework/src/Illuminate/Queue/CallQueuedHandler.php(59): Illuminate\Queue\CallQueuedHandler->dispatchThroughMiddleware(Object(Illuminate\Queue\Jobs\RedisJob), Object(Maatwebsite\Excel\Jobs\AppendViewToSheet))
#17 /home/vagrant/code/miDentix/vendor/laravel/framework/src/Illuminate/Queue/Jobs/Job.php(88): Illuminate\Queue\CallQueuedHandler->call(Object(Illuminate\Queue\Jobs\RedisJob), Array)
#18 /home/vagrant/code/miDentix/vendor/laravel/framework/src/Illuminate/Queue/Worker.php(348): Illuminate\Queue\Jobs\Job->fire()
#19 /home/vagrant/code/miDentix/vendor/laravel/framework/src/Illuminate/Queue/Worker.php(294): Illuminate\Queue\Worker->process('redis', Object(Illuminate\Queue\Jobs\RedisJob), Object(Illuminate\Queue\WorkerOptions))
#20 /home/vagrant/code/miDentix/vendor/laravel/framework/src/Illuminate/Queue/Worker.php(247): Illuminate\Queue\Worker->runJob(Object(Illuminate\Queue\Jobs\RedisJob), 'redis', Object(Illuminate\Queue\WorkerOptions))
#21 /home/vagrant/code/miDentix/vendor/laravel/framework/src/Illuminate/Queue/Console/WorkCommand.php(112): Illuminate\Queue\Worker->runNextJob('redis', 'default', Object(Illuminate\Queue\WorkerOptions))
#22 /home/vagrant/code/miDentix/vendor/laravel/framework/src/Illuminate/Queue/Console/WorkCommand.php(96): Illuminate\Queue\Console\WorkCommand->runWorker('redis', 'default')
#23 [internal function]: Illuminate\Queue\Console\WorkCommand->handle()
#24 /home/vagrant/code/miDentix/vendor/laravel/framework/src/Illuminate/Container/BoundMethod.php(32): call_user_func_array(Array, Array)
#25 /home/vagrant/code/miDentix/vendor/laravel/framework/src/Illuminate/Container/Util.php(34): Illuminate\Container\BoundMethod::Illuminate\Container\{closure}()
#26 /home/vagrant/code/miDentix/vendor/laravel/framework/src/Illuminate/Container/BoundMethod.php(90): Illuminate\Container\Util::unwrapIfClosure(Object(Closure))
#27 /home/vagrant/code/miDentix/vendor/laravel/framework/src/Illuminate/Container/BoundMethod.php(34): Illuminate\Container\BoundMethod::callBoundMethod(Object(Illuminate\Foundation\Application), Array, Object(Closure))
#28 /home/vagrant/code/miDentix/vendor/laravel/framework/src/Illuminate/Container/Container.php(590): Illuminate\Container\BoundMethod::call(Object(Illuminate\Foundation\Application), Array, Array, NULL)
#29 /home/vagrant/code/miDentix/vendor/laravel/framework/src/Illuminate/Console/Command.php(202): Illuminate\Container\Container->call(Array)
#30 /home/vagrant/code/miDentix/vendor/symfony/console/Command/Command.php(255): Illuminate\Console\Command->execute(Object(Symfony\Component\Console\Input\ArgvInput), Object(Illuminate\Console\OutputStyle))
#31 /home/vagrant/code/miDentix/vendor/laravel/framework/src/Illuminate/Console/Command.php(189): Symfony\Component\Console\Command\Command->run(Object(Symfony\Component\Console\Input\ArgvInput), Object(Illuminate\Console\OutputStyle))
#32 /home/vagrant/code/miDentix/vendor/symfony/console/Application.php(934): Illuminate\Console\Command->run(Object(Symfony\Component\Console\Input\ArgvInput), Object(Symfony\Component\Console\Output\ConsoleOutput))
#33 /home/vagrant/code/miDentix/vendor/symfony/console/Application.php(273): Symfony\Component\Console\Application->doRunCommand(Object(Illuminate\Queue\Console\WorkCommand), Object(Symfony\Component\Console\Input\ArgvInput), Object(Symfony\Component\Console\Output\ConsoleOutput))
#34 /home/vagrant/code/miDentix/vendor/symfony/console/Application.php(149): Symfony\Component\Console\Application->doRun(Object(Symfony\Component\Console\Input\ArgvInput), Object(Symfony\Component\Console\Output\ConsoleOutput))
#35 /home/vagrant/code/miDentix/vendor/laravel/framework/src/Illuminate/Console/Application.php(90): Symfony\Component\Console\Application->run(Object(Symfony\Component\Console\Input\ArgvInput), Object(Symfony\Component\Console\Output\ConsoleOutput))
#36 /home/vagrant/code/miDentix/vendor/laravel/framework/src/Illuminate/Foundation/Console/Kernel.php(131): Illuminate\Console\Application->run(Object(Symfony\Component\Console\Input\ArgvInput), Object(Symfony\Component\Console\Output\ConsoleOutput))
#37 /home/vagrant/code/miDentix/artisan(37): Illuminate\Foundation\Console\Kernel->handle(Object(Symfony\Component\Console\Input\ArgvInput), Object(Symfony\Component\Console\Output\ConsoleOutput))
#38 {main}","2019-11-28 11:13:57"
2,"redis","default","{""timeout"":null,""id"":""pjA0HPcnCtYfAsEnC3ZVOQhuCj0L4odF"",""data"":{""command"":""O:40:\""Maatwebsite\\Excel\\Jobs\\AppendViewToSheet\"":11:{s:13:\""temporaryFile\"";O:42:\""Maatwebsite\\Excel\\Files\\LocalTemporaryFile\"":1:{s:52:\""\u0000Maatwebsite\\Excel\\Files\\LocalTemporaryFile\u0000filePath\"";s:51:\""\/tmp\/laravel-excel-KguH6y6K8HWMd2Rr3TTzkE39ErJQXc2u\"";}s:10:\""writerType\"";s:4:\""Xlsx\"";s:10:\""sheetIndex\"";i:0;s:11:\""sheetExport\"";O:39:\""App\\Exports\\ClinicPosterPriorityExports\"":0:{}s:10:\""connection\"";N;s:5:\""queue\"";N;s:15:\""chainConnection\"";N;s:10:\""chainQueue\"";N;s:5:\""delay\"";N;s:10:\""middleware\"";a:0:{}s:7:\""chained\"";a:2:{i:0;s:638:\""O:33:\""Maatwebsite\\Excel\\Jobs\\CloseSheet\"":11:{s:46:\""\u0000Maatwebsite\\Excel\\Jobs\\CloseSheet\u0000sheetExport\"";O:39:\""App\\Exports\\ClinicPosterPriorityExports\"":0:{}s:48:\""\u0000Maatwebsite\\Excel\\Jobs\\CloseSheet\u0000temporaryFile\"";O:42:\""Maatwebsite\\Excel\\Files\\LocalTemporaryFile\"":1:{s:52:\""\u0000Maatwebsite\\Excel\\Files\\LocalTemporaryFile\u0000filePath\"";s:51:\""\/tmp\/laravel-excel-KguH6y6K8HWMd2Rr3TTzkE39ErJQXc2u\"";}s:45:\""\u0000Maatwebsite\\Excel\\Jobs\\CloseSheet\u0000writerType\"";s:4:\""Xlsx\"";s:45:\""\u0000Maatwebsite\\Excel\\Jobs\\CloseSheet\u0000sheetIndex\"";i:0;s:10:\""connection\"";N;s:5:\""queue\"";N;s:15:\""chainConnection\"";N;s:10:\""chainQueue\"";N;s:5:\""delay\"";N;s:10:\""middleware\"";a:0:{}s:7:\""chained\"";a:0:{}}\"";i:1;s:685:\""O:40:\""Maatwebsite\\Excel\\Jobs\\StoreQueuedExport\"":11:{s:50:\""\u0000Maatwebsite\\Excel\\Jobs\\StoreQueuedExport\u0000filePath\"";s:70:\""\/home\/vagrant\/code\/miDentix\/storage\/app\/temp\/ClinicPosterPriority.xlsx\"";s:46:\""\u0000Maatwebsite\\Excel\\Jobs\\StoreQueuedExport\u0000disk\"";N;s:55:\""\u0000Maatwebsite\\Excel\\Jobs\\StoreQueuedExport\u0000temporaryFile\"";O:42:\""Maatwebsite\\Excel\\Files\\LocalTemporaryFile\"":1:{s:52:\""\u0000Maatwebsite\\Excel\\Files\\LocalTemporaryFile\u0000filePath\"";s:51:\""\/tmp\/laravel-excel-KguH6y6K8HWMd2Rr3TTzkE39ErJQXc2u\"";}s:53:\""\u0000Maatwebsite\\Excel\\Jobs\\StoreQueuedExport\u0000diskOptions\"";a:0:{}s:10:\""connection\"";N;s:5:\""queue\"";N;s:15:\""chainConnection\"";N;s:10:\""chainQueue\"";N;s:5:\""delay\"";N;s:10:\""middleware\"";a:0:{}s:7:\""chained\"";a:0:{}}\"";}}"",""commandName"":""Maatwebsite\\Excel\\Jobs\\AppendViewToSheet""},""displayName"":""Maatwebsite\\Excel\\Jobs\\AppendViewToSheet"",""timeoutAt"":null,""job"":""Illuminate\\Queue\\CallQueuedHandler@call"",""maxTries"":null,""delay"":null,""attempts"":1}","Symfony\Component\Debug\Exception\FatalThrowableError: Return value of App\Exports\ClinicPosterPriorityExports::view() must implement interface Illuminate\Contracts\View\View, none returned in /home/vagrant/code/miDentix/app/Exports/ClinicPosterPriorityExports.php:40
Stack trace:
#0 /home/vagrant/code/miDentix/vendor/maatwebsite/excel/src/Sheet.php(346): App\Exports\ClinicPosterPriorityExports->view()
#1 /home/vagrant/code/miDentix/vendor/maatwebsite/excel/src/Jobs/AppendViewToSheet.php(63): Maatwebsite\Excel\Sheet->fromView(Object(App\Exports\ClinicPosterPriorityExports), 0)
#2 [internal function]: Maatwebsite\Excel\Jobs\AppendViewToSheet->handle(Object(Maatwebsite\Excel\Writer))
#3 /home/vagrant/code/miDentix/vendor/laravel/framework/src/Illuminate/Container/BoundMethod.php(32): call_user_func_array(Array, Array)
#4 /home/vagrant/code/miDentix/vendor/laravel/framework/src/Illuminate/Container/Util.php(34): Illuminate\Container\BoundMethod::Illuminate\Container\{closure}()
#5 /home/vagrant/code/miDentix/vendor/laravel/framework/src/Illuminate/Container/BoundMethod.php(90): Illuminate\Container\Util::unwrapIfClosure(Object(Closure))
#6 /home/vagrant/code/miDentix/vendor/laravel/framework/src/Illuminate/Container/BoundMethod.php(34): Illuminate\Container\BoundMethod::callBoundMethod(Object(Illuminate\Foundation\Application), Array, Object(Closure))
#7 /home/vagrant/code/miDentix/vendor/laravel/framework/src/Illuminate/Container/Container.php(590): Illuminate\Container\BoundMethod::call(Object(Illuminate\Foundation\Application), Array, Array, NULL)
#8 /home/vagrant/code/miDentix/vendor/laravel/framework/src/Illuminate/Bus/Dispatcher.php(94): Illuminate\Container\Container->call(Array)
#9 /home/vagrant/code/miDentix/vendor/laravel/framework/src/Illuminate/Pipeline/Pipeline.php(130): Illuminate\Bus\Dispatcher->Illuminate\Bus\{closure}(Object(Maatwebsite\Excel\Jobs\AppendViewToSheet))
#10 /home/vagrant/code/miDentix/vendor/laravel/framework/src/Illuminate/Pipeline/Pipeline.php(105): Illuminate\Pipeline\Pipeline->Illuminate\Pipeline\{closure}(Object(Maatwebsite\Excel\Jobs\AppendViewToSheet))
#11 /home/vagrant/code/miDentix/vendor/laravel/framework/src/Illuminate/Bus/Dispatcher.php(98): Illuminate\Pipeline\Pipeline->then(Object(Closure))
#12 /home/vagrant/code/miDentix/vendor/laravel/framework/src/Illuminate/Queue/CallQueuedHandler.php(83): Illuminate\Bus\Dispatcher->dispatchNow(Object(Maatwebsite\Excel\Jobs\AppendViewToSheet), false)
#13 /home/vagrant/code/miDentix/vendor/laravel/framework/src/Illuminate/Pipeline/Pipeline.php(130): Illuminate\Queue\CallQueuedHandler->Illuminate\Queue\{closure}(Object(Maatwebsite\Excel\Jobs\AppendViewToSheet))
#14 /home/vagrant/code/miDentix/vendor/laravel/framework/src/Illuminate/Pipeline/Pipeline.php(105): Illuminate\Pipeline\Pipeline->Illuminate\Pipeline\{closure}(Object(Maatwebsite\Excel\Jobs\AppendViewToSheet))
#15 /home/vagrant/code/miDentix/vendor/laravel/framework/src/Illuminate/Queue/CallQueuedHandler.php(85): Illuminate\Pipeline\Pipeline->then(Object(Closure))
#16 /home/vagrant/code/miDentix/vendor/laravel/framework/src/Illuminate/Queue/CallQueuedHandler.php(59): Illuminate\Queue\CallQueuedHandler->dispatchThroughMiddleware(Object(Illuminate\Queue\Jobs\RedisJob), Object(Maatwebsite\Excel\Jobs\AppendViewToSheet))
#17 /home/vagrant/code/miDentix/vendor/laravel/framework/src/Illuminate/Queue/Jobs/Job.php(88): Illuminate\Queue\CallQueuedHandler->call(Object(Illuminate\Queue\Jobs\RedisJob), Array)
#18 /home/vagrant/code/miDentix/vendor/laravel/framework/src/Illuminate/Queue/Worker.php(348): Illuminate\Queue\Jobs\Job->fire()
#19 /home/vagrant/code/miDentix/vendor/laravel/framework/src/Illuminate/Queue/Worker.php(294): Illuminate\Queue\Worker->process('redis', Object(Illuminate\Queue\Jobs\RedisJob), Object(Illuminate\Queue\WorkerOptions))
#20 /home/vagrant/code/miDentix/vendor/laravel/framework/src/Illuminate/Queue/Worker.php(129): Illuminate\Queue\Worker->runJob(Object(Illuminate\Queue\Jobs\RedisJob), 'redis', Object(Illuminate\Queue\WorkerOptions))
#21 /home/vagrant/code/miDentix/vendor/laravel/framework/src/Illuminate/Queue/Console/WorkCommand.php(112): Illuminate\Queue\Worker->daemon('redis', 'default', Object(Illuminate\Queue\WorkerOptions))
#22 /home/vagrant/code/miDentix/vendor/laravel/framework/src/Illuminate/Queue/Console/WorkCommand.php(96): Illuminate\Queue\Console\WorkCommand->runWorker('redis', 'default')
#23 [internal function]: Illuminate\Queue\Console\WorkCommand->handle()
#24 /home/vagrant/code/miDentix/vendor/laravel/framework/src/Illuminate/Container/BoundMethod.php(32): call_user_func_array(Array, Array)
#25 /home/vagrant/code/miDentix/vendor/laravel/framework/src/Illuminate/Container/Util.php(34): Illuminate\Container\BoundMethod::Illuminate\Container\{closure}()
#26 /home/vagrant/code/miDentix/vendor/laravel/framework/src/Illuminate/Container/BoundMethod.php(90): Illuminate\Container\Util::unwrapIfClosure(Object(Closure))
#27 /home/vagrant/code/miDentix/vendor/laravel/framework/src/Illuminate/Container/BoundMethod.php(34): Illuminate\Container\BoundMethod::callBoundMethod(Object(Illuminate\Foundation\Application), Array, Object(Closure))
#28 /home/vagrant/code/miDentix/vendor/laravel/framework/src/Illuminate/Container/Container.php(590): Illuminate\Container\BoundMethod::call(Object(Illuminate\Foundation\Application), Array, Array, NULL)
#29 /home/vagrant/code/miDentix/vendor/laravel/framework/src/Illuminate/Console/Command.php(202): Illuminate\Container\Container->call(Array)
#30 /home/vagrant/code/miDentix/vendor/symfony/console/Command/Command.php(255): Illuminate\Console\Command->execute(Object(Symfony\Component\Console\Input\ArgvInput), Object(Illuminate\Console\OutputStyle))
#31 /home/vagrant/code/miDentix/vendor/laravel/framework/src/Illuminate/Console/Command.php(189): Symfony\Component\Console\Command\Command->run(Object(Symfony\Component\Console\Input\ArgvInput), Object(Illuminate\Console\OutputStyle))
#32 /home/vagrant/code/miDentix/vendor/symfony/console/Application.php(934): Illuminate\Console\Command->run(Object(Symfony\Component\Console\Input\ArgvInput), Object(Symfony\Component\Console\Output\ConsoleOutput))
#33 /home/vagrant/code/miDentix/vendor/symfony/console/Application.php(273): Symfony\Component\Console\Application->doRunCommand(Object(Illuminate\Queue\Console\WorkCommand), Object(Symfony\Component\Console\Input\ArgvInput), Object(Symfony\Component\Console\Output\ConsoleOutput))
#34 /home/vagrant/code/miDentix/vendor/symfony/console/Application.php(149): Symfony\Component\Console\Application->doRun(Object(Symfony\Component\Console\Input\ArgvInput), Object(Symfony\Component\Console\Output\ConsoleOutput))
#35 /home/vagrant/code/miDentix/vendor/laravel/framework/src/Illuminate/Console/Application.php(90): Symfony\Component\Console\Application->run(Object(Symfony\Component\Console\Input\ArgvInput), Object(Symfony\Component\Console\Output\ConsoleOutput))
#36 /home/vagrant/code/miDentix/vendor/laravel/framework/src/Illuminate/Foundation/Console/Kernel.php(131): Illuminate\Console\Application->run(Object(Symfony\Component\Console\Input\ArgvInput), Object(Symfony\Component\Console\Output\ConsoleOutput))
#37 /home/vagrant/code/miDentix/artisan(37): Illuminate\Foundation\Console\Kernel->handle(Object(Symfony\Component\Console\Input\ArgvInput), Object(Symfony\Component\Console\Output\ConsoleOutput))
#38 {main}","2019-11-28 11:16:15"
3,"redis","default","{""timeout"":null,""id"":""l9WDuBNkgZIa9Ln71lFEJPxhAWpK7k0q"",""data"":{""command"":""O:40:\""Maatwebsite\\Excel\\Jobs\\AppendViewToSheet\"":11:{s:13:\""temporaryFile\"";O:42:\""Maatwebsite\\Excel\\Files\\LocalTemporaryFile\"":1:{s:52:\""\u0000Maatwebsite\\Excel\\Files\\LocalTemporaryFile\u0000filePath\"";s:51:\""\/tmp\/laravel-excel-AlcilR94QwXsqv90lssXpC1P7YFRED1U\"";}s:10:\""writerType\"";s:4:\""Xlsx\"";s:10:\""sheetIndex\"";i:0;s:11:\""sheetExport\"";O:39:\""App\\Exports\\ClinicPosterPriorityExports\"":0:{}s:10:\""connection\"";N;s:5:\""queue\"";N;s:15:\""chainConnection\"";N;s:10:\""chainQueue\"";N;s:5:\""delay\"";N;s:10:\""middleware\"";a:0:{}s:7:\""chained\"";a:2:{i:0;s:638:\""O:33:\""Maatwebsite\\Excel\\Jobs\\CloseSheet\"":11:{s:46:\""\u0000Maatwebsite\\Excel\\Jobs\\CloseSheet\u0000sheetExport\"";O:39:\""App\\Exports\\ClinicPosterPriorityExports\"":0:{}s:48:\""\u0000Maatwebsite\\Excel\\Jobs\\CloseSheet\u0000temporaryFile\"";O:42:\""Maatwebsite\\Excel\\Files\\LocalTemporaryFile\"":1:{s:52:\""\u0000Maatwebsite\\Excel\\Files\\LocalTemporaryFile\u0000filePath\"";s:51:\""\/tmp\/laravel-excel-AlcilR94QwXsqv90lssXpC1P7YFRED1U\"";}s:45:\""\u0000Maatwebsite\\Excel\\Jobs\\CloseSheet\u0000writerType\"";s:4:\""Xlsx\"";s:45:\""\u0000Maatwebsite\\Excel\\Jobs\\CloseSheet\u0000sheetIndex\"";i:0;s:10:\""connection\"";N;s:5:\""queue\"";N;s:15:\""chainConnection\"";N;s:10:\""chainQueue\"";N;s:5:\""delay\"";N;s:10:\""middleware\"";a:0:{}s:7:\""chained\"";a:0:{}}\"";i:1;s:640:\""O:40:\""Maatwebsite\\Excel\\Jobs\\StoreQueuedExport\"":11:{s:50:\""\u0000Maatwebsite\\Excel\\Jobs\\StoreQueuedExport\u0000filePath\"";s:25:\""ClinicPosterPriority.xlsx\"";s:46:\""\u0000Maatwebsite\\Excel\\Jobs\\StoreQueuedExport\u0000disk\"";N;s:55:\""\u0000Maatwebsite\\Excel\\Jobs\\StoreQueuedExport\u0000temporaryFile\"";O:42:\""Maatwebsite\\Excel\\Files\\LocalTemporaryFile\"":1:{s:52:\""\u0000Maatwebsite\\Excel\\Files\\LocalTemporaryFile\u0000filePath\"";s:51:\""\/tmp\/laravel-excel-AlcilR94QwXsqv90lssXpC1P7YFRED1U\"";}s:53:\""\u0000Maatwebsite\\Excel\\Jobs\\StoreQueuedExport\u0000diskOptions\"";a:0:{}s:10:\""connection\"";N;s:5:\""queue\"";N;s:15:\""chainConnection\"";N;s:10:\""chainQueue\"";N;s:5:\""delay\"";N;s:10:\""middleware\"";a:0:{}s:7:\""chained\"";a:0:{}}\"";}}"",""commandName"":""Maatwebsite\\Excel\\Jobs\\AppendViewToSheet""},""displayName"":""Maatwebsite\\Excel\\Jobs\\AppendViewToSheet"",""timeoutAt"":null,""job"":""Illuminate\\Queue\\CallQueuedHandler@call"",""maxTries"":null,""delay"":null,""attempts"":1}","Symfony\Component\Debug\Exception\FatalThrowableError: Return value of App\Exports\ClinicPosterPriorityExports::view() must implement interface Illuminate\Contracts\View\View, none returned in /home/vagrant/code/miDentix/app/Exports/ClinicPosterPriorityExports.php:40
Stack trace:
#0 /home/vagrant/code/miDentix/vendor/maatwebsite/excel/src/Sheet.php(346): App\Exports\ClinicPosterPriorityExports->view()
#1 /home/vagrant/code/miDentix/vendor/maatwebsite/excel/src/Jobs/AppendViewToSheet.php(63): Maatwebsite\Excel\Sheet->fromView(Object(App\Exports\ClinicPosterPriorityExports), 0)
#2 [internal function]: Maatwebsite\Excel\Jobs\AppendViewToSheet->handle(Object(Maatwebsite\Excel\Writer))
#3 /home/vagrant/code/miDentix/vendor/laravel/framework/src/Illuminate/Container/BoundMethod.php(32): call_user_func_array(Array, Array)
#4 /home/vagrant/code/miDentix/vendor/laravel/framework/src/Illuminate/Container/Util.php(34): Illuminate\Container\BoundMethod::Illuminate\Container\{closure}()
#5 /home/vagrant/code/miDentix/vendor/laravel/framework/src/Illuminate/Container/BoundMethod.php(90): Illuminate\Container\Util::unwrapIfClosure(Object(Closure))
#6 /home/vagrant/code/miDentix/vendor/laravel/framework/src/Illuminate/Container/BoundMethod.php(34): Illuminate\Container\BoundMethod::callBoundMethod(Object(Illuminate\Foundation\Application), Array, Object(Closure))
#7 /home/vagrant/code/miDentix/vendor/laravel/framework/src/Illuminate/Container/Container.php(590): Illuminate\Container\BoundMethod::call(Object(Illuminate\Foundation\Application), Array, Array, NULL)
#8 /home/vagrant/code/miDentix/vendor/laravel/framework/src/Illuminate/Bus/Dispatcher.php(94): Illuminate\Container\Container->call(Array)
#9 /home/vagrant/code/miDentix/vendor/laravel/framework/src/Illuminate/Pipeline/Pipeline.php(130): Illuminate\Bus\Dispatcher->Illuminate\Bus\{closure}(Object(Maatwebsite\Excel\Jobs\AppendViewToSheet))
#10 /home/vagrant/code/miDentix/vendor/laravel/framework/src/Illuminate/Pipeline/Pipeline.php(105): Illuminate\Pipeline\Pipeline->Illuminate\Pipeline\{closure}(Object(Maatwebsite\Excel\Jobs\AppendViewToSheet))
#11 /home/vagrant/code/miDentix/vendor/laravel/framework/src/Illuminate/Bus/Dispatcher.php(98): Illuminate\Pipeline\Pipeline->then(Object(Closure))
#12 /home/vagrant/code/miDentix/vendor/laravel/framework/src/Illuminate/Queue/CallQueuedHandler.php(83): Illuminate\Bus\Dispatcher->dispatchNow(Object(Maatwebsite\Excel\Jobs\AppendViewToSheet), false)
#13 /home/vagrant/code/miDentix/vendor/laravel/framework/src/Illuminate/Pipeline/Pipeline.php(130): Illuminate\Queue\CallQueuedHandler->Illuminate\Queue\{closure}(Object(Maatwebsite\Excel\Jobs\AppendViewToSheet))
#14 /home/vagrant/code/miDentix/vendor/laravel/framework/src/Illuminate/Pipeline/Pipeline.php(105): Illuminate\Pipeline\Pipeline->Illuminate\Pipeline\{closure}(Object(Maatwebsite\Excel\Jobs\AppendViewToSheet))
#15 /home/vagrant/code/miDentix/vendor/laravel/framework/src/Illuminate/Queue/CallQueuedHandler.php(85): Illuminate\Pipeline\Pipeline->then(Object(Closure))
#16 /home/vagrant/code/miDentix/vendor/laravel/framework/src/Illuminate/Queue/CallQueuedHandler.php(59): Illuminate\Queue\CallQueuedHandler->dispatchThroughMiddleware(Object(Illuminate\Queue\Jobs\RedisJob), Object(Maatwebsite\Excel\Jobs\AppendViewToSheet))
#17 /home/vagrant/code/miDentix/vendor/laravel/framework/src/Illuminate/Queue/Jobs/Job.php(88): Illuminate\Queue\CallQueuedHandler->call(Object(Illuminate\Queue\Jobs\RedisJob), Array)
#18 /home/vagrant/code/miDentix/vendor/laravel/framework/src/Illuminate/Queue/Worker.php(348): Illuminate\Queue\Jobs\Job->fire()
#19 /home/vagrant/code/miDentix/vendor/laravel/framework/src/Illuminate/Queue/Worker.php(294): Illuminate\Queue\Worker->process('redis', Object(Illuminate\Queue\Jobs\RedisJob), Object(Illuminate\Queue\WorkerOptions))
#20 /home/vagrant/code/miDentix/vendor/laravel/framework/src/Illuminate/Queue/Worker.php(129): Illuminate\Queue\Worker->runJob(Object(Illuminate\Queue\Jobs\RedisJob), 'redis', Object(Illuminate\Queue\WorkerOptions))
#21 /home/vagrant/code/miDentix/vendor/laravel/framework/src/Illuminate/Queue/Console/WorkCommand.php(112): Illuminate\Queue\Worker->daemon('redis', 'default', Object(Illuminate\Queue\WorkerOptions))
#22 /home/vagrant/code/miDentix/vendor/laravel/framework/src/Illuminate/Queue/Console/WorkCommand.php(96): Illuminate\Queue\Console\WorkCommand->runWorker('redis', 'default')
#23 [internal function]: Illuminate\Queue\Console\WorkCommand->handle()
#24 /home/vagrant/code/miDentix/vendor/laravel/framework/src/Illuminate/Container/BoundMethod.php(32): call_user_func_array(Array, Array)
#25 /home/vagrant/code/miDentix/vendor/laravel/framework/src/Illuminate/Container/Util.php(34): Illuminate\Container\BoundMethod::Illuminate\Container\{closure}()
#26 /home/vagrant/code/miDentix/vendor/laravel/framework/src/Illuminate/Container/BoundMethod.php(90): Illuminate\Container\Util::unwrapIfClosure(Object(Closure))
#27 /home/vagrant/code/miDentix/vendor/laravel/framework/src/Illuminate/Container/BoundMethod.php(34): Illuminate\Container\BoundMethod::callBoundMethod(Object(Illuminate\Foundation\Application), Array, Object(Closure))
#28 /home/vagrant/code/miDentix/vendor/laravel/framework/src/Illuminate/Container/Container.php(590): Illuminate\Container\BoundMethod::call(Object(Illuminate\Foundation\Application), Array, Array, NULL)
#29 /home/vagrant/code/miDentix/vendor/laravel/framework/src/Illuminate/Console/Command.php(202): Illuminate\Container\Container->call(Array)
#30 /home/vagrant/code/miDentix/vendor/symfony/console/Command/Command.php(255): Illuminate\Console\Command->execute(Object(Symfony\Component\Console\Input\ArgvInput), Object(Illuminate\Console\OutputStyle))
#31 /home/vagrant/code/miDentix/vendor/laravel/framework/src/Illuminate/Console/Command.php(189): Symfony\Component\Console\Command\Command->run(Object(Symfony\Component\Console\Input\ArgvInput), Object(Illuminate\Console\OutputStyle))
#32 /home/vagrant/code/miDentix/vendor/symfony/console/Application.php(934): Illuminate\Console\Command->run(Object(Symfony\Component\Console\Input\ArgvInput), Object(Symfony\Component\Console\Output\ConsoleOutput))
#33 /home/vagrant/code/miDentix/vendor/symfony/console/Application.php(273): Symfony\Component\Console\Application->doRunCommand(Object(Illuminate\Queue\Console\WorkCommand), Object(Symfony\Component\Console\Input\ArgvInput), Object(Symfony\Component\Console\Output\ConsoleOutput))
#34 /home/vagrant/code/miDentix/vendor/symfony/console/Application.php(149): Symfony\Component\Console\Application->doRun(Object(Symfony\Component\Console\Input\ArgvInput), Object(Symfony\Component\Console\Output\ConsoleOutput))
#35 /home/vagrant/code/miDentix/vendor/laravel/framework/src/Illuminate/Console/Application.php(90): Symfony\Component\Console\Application->run(Object(Symfony\Component\Console\Input\ArgvInput), Object(Symfony\Component\Console\Output\ConsoleOutput))
#36 /home/vagrant/code/miDentix/vendor/laravel/framework/src/Illuminate/Foundation/Console/Kernel.php(131): Illuminate\Console\Application->run(Object(Symfony\Component\Console\Input\ArgvInput), Object(Symfony\Component\Console\Output\ConsoleOutput))
#37 /home/vagrant/code/miDentix/artisan(37): Illuminate\Foundation\Console\Kernel->handle(Object(Symfony\Component\Console\Input\ArgvInput), Object(Symfony\Component\Console\Output\ConsoleOutput))
#38 {main}","2019-11-28 11:19:23"
4,"redis","default","{""timeout"":null,""id"":""7xjm81VEvS2lU2Ouz000HgAuhY03jkYU"",""data"":{""command"":""O:40:\""Maatwebsite\\Excel\\Jobs\\AppendViewToSheet\"":11:{s:13:\""temporaryFile\"";O:42:\""Maatwebsite\\Excel\\Files\\LocalTemporaryFile\"":1:{s:52:\""\u0000Maatwebsite\\Excel\\Files\\LocalTemporaryFile\u0000filePath\"";s:51:\""\/tmp\/laravel-excel-2shEXELdCM9UAlwIygVuNrF8A8fJe8wY\"";}s:10:\""writerType\"";s:4:\""Xlsx\"";s:10:\""sheetIndex\"";i:0;s:11:\""sheetExport\"";O:39:\""App\\Exports\\ClinicPosterPriorityExports\"":0:{}s:10:\""connection\"";N;s:5:\""queue\"";N;s:15:\""chainConnection\"";N;s:10:\""chainQueue\"";N;s:5:\""delay\"";N;s:10:\""middleware\"";a:0:{}s:7:\""chained\"";a:2:{i:0;s:638:\""O:33:\""Maatwebsite\\Excel\\Jobs\\CloseSheet\"":11:{s:46:\""\u0000Maatwebsite\\Excel\\Jobs\\CloseSheet\u0000sheetExport\"";O:39:\""App\\Exports\\ClinicPosterPriorityExports\"":0:{}s:48:\""\u0000Maatwebsite\\Excel\\Jobs\\CloseSheet\u0000temporaryFile\"";O:42:\""Maatwebsite\\Excel\\Files\\LocalTemporaryFile\"":1:{s:52:\""\u0000Maatwebsite\\Excel\\Files\\LocalTemporaryFile\u0000filePath\"";s:51:\""\/tmp\/laravel-excel-2shEXELdCM9UAlwIygVuNrF8A8fJe8wY\"";}s:45:\""\u0000Maatwebsite\\Excel\\Jobs\\CloseSheet\u0000writerType\"";s:4:\""Xlsx\"";s:45:\""\u0000Maatwebsite\\Excel\\Jobs\\CloseSheet\u0000sheetIndex\"";i:0;s:10:\""connection\"";N;s:5:\""queue\"";N;s:15:\""chainConnection\"";N;s:10:\""chainQueue\"";N;s:5:\""delay\"";N;s:10:\""middleware\"";a:0:{}s:7:\""chained\"";a:0:{}}\"";i:1;s:640:\""O:40:\""Maatwebsite\\Excel\\Jobs\\StoreQueuedExport\"":11:{s:50:\""\u0000Maatwebsite\\Excel\\Jobs\\StoreQueuedExport\u0000filePath\"";s:25:\""ClinicPosterPriority.xlsx\"";s:46:\""\u0000Maatwebsite\\Excel\\Jobs\\StoreQueuedExport\u0000disk\"";N;s:55:\""\u0000Maatwebsite\\Excel\\Jobs\\StoreQueuedExport\u0000temporaryFile\"";O:42:\""Maatwebsite\\Excel\\Files\\LocalTemporaryFile\"":1:{s:52:\""\u0000Maatwebsite\\Excel\\Files\\LocalTemporaryFile\u0000filePath\"";s:51:\""\/tmp\/laravel-excel-2shEXELdCM9UAlwIygVuNrF8A8fJe8wY\"";}s:53:\""\u0000Maatwebsite\\Excel\\Jobs\\StoreQueuedExport\u0000diskOptions\"";a:0:{}s:10:\""connection\"";N;s:5:\""queue\"";N;s:15:\""chainConnection\"";N;s:10:\""chainQueue\"";N;s:5:\""delay\"";N;s:10:\""middleware\"";a:0:{}s:7:\""chained\"";a:0:{}}\"";}}"",""commandName"":""Maatwebsite\\Excel\\Jobs\\AppendViewToSheet""},""displayName"":""Maatwebsite\\Excel\\Jobs\\AppendViewToSheet"",""timeoutAt"":null,""job"":""Illuminate\\Queue\\CallQueuedHandler@call"",""maxTries"":null,""delay"":null,""attempts"":1}","Symfony\Component\Debug\Exception\FatalThrowableError: Return value of App\Exports\ClinicPosterPriorityExports::view() must implement interface Illuminate\Contracts\View\View, none returned in /home/vagrant/code/miDentix/app/Exports/ClinicPosterPriorityExports.php:40
Stack trace:
#0 /home/vagrant/code/miDentix/vendor/maatwebsite/excel/src/Sheet.php(346): App\Exports\ClinicPosterPriorityExports->view()
#1 /home/vagrant/code/miDentix/vendor/maatwebsite/excel/src/Jobs/AppendViewToSheet.php(63): Maatwebsite\Excel\Sheet->fromView(Object(App\Exports\ClinicPosterPriorityExports), 0)
#2 [internal function]: Maatwebsite\Excel\Jobs\AppendViewToSheet->handle(Object(Maatwebsite\Excel\Writer))
#3 /home/vagrant/code/miDentix/vendor/laravel/framework/src/Illuminate/Container/BoundMethod.php(32): call_user_func_array(Array, Array)
#4 /home/vagrant/code/miDentix/vendor/laravel/framework/src/Illuminate/Container/Util.php(34): Illuminate\Container\BoundMethod::Illuminate\Container\{closure}()
#5 /home/vagrant/code/miDentix/vendor/laravel/framework/src/Illuminate/Container/BoundMethod.php(90): Illuminate\Container\Util::unwrapIfClosure(Object(Closure))
#6 /home/vagrant/code/miDentix/vendor/laravel/framework/src/Illuminate/Container/BoundMethod.php(34): Illuminate\Container\BoundMethod::callBoundMethod(Object(Illuminate\Foundation\Application), Array, Object(Closure))
#7 /home/vagrant/code/miDentix/vendor/laravel/framework/src/Illuminate/Container/Container.php(590): Illuminate\Container\BoundMethod::call(Object(Illuminate\Foundation\Application), Array, Array, NULL)
#8 /home/vagrant/code/miDentix/vendor/laravel/framework/src/Illuminate/Bus/Dispatcher.php(94): Illuminate\Container\Container->call(Array)
#9 /home/vagrant/code/miDentix/vendor/laravel/framework/src/Illuminate/Pipeline/Pipeline.php(130): Illuminate\Bus\Dispatcher->Illuminate\Bus\{closure}(Object(Maatwebsite\Excel\Jobs\AppendViewToSheet))
#10 /home/vagrant/code/miDentix/vendor/laravel/framework/src/Illuminate/Pipeline/Pipeline.php(105): Illuminate\Pipeline\Pipeline->Illuminate\Pipeline\{closure}(Object(Maatwebsite\Excel\Jobs\AppendViewToSheet))
#11 /home/vagrant/code/miDentix/vendor/laravel/framework/src/Illuminate/Bus/Dispatcher.php(98): Illuminate\Pipeline\Pipeline->then(Object(Closure))
#12 /home/vagrant/code/miDentix/vendor/laravel/framework/src/Illuminate/Queue/CallQueuedHandler.php(83): Illuminate\Bus\Dispatcher->dispatchNow(Object(Maatwebsite\Excel\Jobs\AppendViewToSheet), false)
#13 /home/vagrant/code/miDentix/vendor/laravel/framework/src/Illuminate/Pipeline/Pipeline.php(130): Illuminate\Queue\CallQueuedHandler->Illuminate\Queue\{closure}(Object(Maatwebsite\Excel\Jobs\AppendViewToSheet))
#14 /home/vagrant/code/miDentix/vendor/laravel/framework/src/Illuminate/Pipeline/Pipeline.php(105): Illuminate\Pipeline\Pipeline->Illuminate\Pipeline\{closure}(Object(Maatwebsite\Excel\Jobs\AppendViewToSheet))
#15 /home/vagrant/code/miDentix/vendor/laravel/framework/src/Illuminate/Queue/CallQueuedHandler.php(85): Illuminate\Pipeline\Pipeline->then(Object(Closure))
#16 /home/vagrant/code/miDentix/vendor/laravel/framework/src/Illuminate/Queue/CallQueuedHandler.php(59): Illuminate\Queue\CallQueuedHandler->dispatchThroughMiddleware(Object(Illuminate\Queue\Jobs\RedisJob), Object(Maatwebsite\Excel\Jobs\AppendViewToSheet))
#17 /home/vagrant/code/miDentix/vendor/laravel/framework/src/Illuminate/Queue/Jobs/Job.php(88): Illuminate\Queue\CallQueuedHandler->call(Object(Illuminate\Queue\Jobs\RedisJob), Array)
#18 /home/vagrant/code/miDentix/vendor/laravel/framework/src/Illuminate/Queue/Worker.php(348): Illuminate\Queue\Jobs\Job->fire()
#19 /home/vagrant/code/miDentix/vendor/laravel/framework/src/Illuminate/Queue/Worker.php(294): Illuminate\Queue\Worker->process('redis', Object(Illuminate\Queue\Jobs\RedisJob), Object(Illuminate\Queue\WorkerOptions))
#20 /home/vagrant/code/miDentix/vendor/laravel/framework/src/Illuminate/Queue/Worker.php(129): Illuminate\Queue\Worker->runJob(Object(Illuminate\Queue\Jobs\RedisJob), 'redis', Object(Illuminate\Queue\WorkerOptions))
#21 /home/vagrant/code/miDentix/vendor/laravel/framework/src/Illuminate/Queue/Console/WorkCommand.php(112): Illuminate\Queue\Worker->daemon('redis', 'default', Object(Illuminate\Queue\WorkerOptions))
#22 /home/vagrant/code/miDentix/vendor/laravel/framework/src/Illuminate/Queue/Console/WorkCommand.php(96): Illuminate\Queue\Console\WorkCommand->runWorker('redis', 'default')
#23 [internal function]: Illuminate\Queue\Console\WorkCommand->handle()
#24 /home/vagrant/code/miDentix/vendor/laravel/framework/src/Illuminate/Container/BoundMethod.php(32): call_user_func_array(Array, Array)
#25 /home/vagrant/code/miDentix/vendor/laravel/framework/src/Illuminate/Container/Util.php(34): Illuminate\Container\BoundMethod::Illuminate\Container\{closure}()
#26 /home/vagrant/code/miDentix/vendor/laravel/framework/src/Illuminate/Container/BoundMethod.php(90): Illuminate\Container\Util::unwrapIfClosure(Object(Closure))
#27 /home/vagrant/code/miDentix/vendor/laravel/framework/src/Illuminate/Container/BoundMethod.php(34): Illuminate\Container\BoundMethod::callBoundMethod(Object(Illuminate\Foundation\Application), Array, Object(Closure))
#28 /home/vagrant/code/miDentix/vendor/laravel/framework/src/Illuminate/Container/Container.php(590): Illuminate\Container\BoundMethod::call(Object(Illuminate\Foundation\Application), Array, Array, NULL)
#29 /home/vagrant/code/miDentix/vendor/laravel/framework/src/Illuminate/Console/Command.php(202): Illuminate\Container\Container->call(Array)
#30 /home/vagrant/code/miDentix/vendor/symfony/console/Command/Command.php(255): Illuminate\Console\Command->execute(Object(Symfony\Component\Console\Input\ArgvInput), Object(Illuminate\Console\OutputStyle))
#31 /home/vagrant/code/miDentix/vendor/laravel/framework/src/Illuminate/Console/Command.php(189): Symfony\Component\Console\Command\Command->run(Object(Symfony\Component\Console\Input\ArgvInput), Object(Illuminate\Console\OutputStyle))
#32 /home/vagrant/code/miDentix/vendor/symfony/console/Application.php(934): Illuminate\Console\Command->run(Object(Symfony\Component\Console\Input\ArgvInput), Object(Symfony\Component\Console\Output\ConsoleOutput))
#33 /home/vagrant/code/miDentix/vendor/symfony/console/Application.php(273): Symfony\Component\Console\Application->doRunCommand(Object(Illuminate\Queue\Console\WorkCommand), Object(Symfony\Component\Console\Input\ArgvInput), Object(Symfony\Component\Console\Output\ConsoleOutput))
#34 /home/vagrant/code/miDentix/vendor/symfony/console/Application.php(149): Symfony\Component\Console\Application->doRun(Object(Symfony\Component\Console\Input\ArgvInput), Object(Symfony\Component\Console\Output\ConsoleOutput))
#35 /home/vagrant/code/miDentix/vendor/laravel/framework/src/Illuminate/Console/Application.php(90): Symfony\Component\Console\Application->run(Object(Symfony\Component\Console\Input\ArgvInput), Object(Symfony\Component\Console\Output\ConsoleOutput))
#36 /home/vagrant/code/miDentix/vendor/laravel/framework/src/Illuminate/Foundation/Console/Kernel.php(131): Illuminate\Console\Application->run(Object(Symfony\Component\Console\Input\ArgvInput), Object(Symfony\Component\Console\Output\ConsoleOutput))
#37 /home/vagrant/code/miDentix/artisan(37): Illuminate\Foundation\Console\Kernel->handle(Object(Symfony\Component\Console\Input\ArgvInput), Object(Symfony\Component\Console\Output\ConsoleOutput))
#38 {main}","2019-11-28 11:19:59"
5,"redis","default","{""timeout"":null,""id"":""EfDEjH67ps73fBEdPKdWwYRkvdyqC1ff"",""data"":{""command"":""O:40:\""Maatwebsite\\Excel\\Jobs\\AppendViewToSheet\"":11:{s:13:\""temporaryFile\"";O:42:\""Maatwebsite\\Excel\\Files\\LocalTemporaryFile\"":1:{s:52:\""\u0000Maatwebsite\\Excel\\Files\\LocalTemporaryFile\u0000filePath\"";s:51:\""\/tmp\/laravel-excel-W3AxWs6WZOERf2PYUB1tBZWnzccrVLQz\"";}s:10:\""writerType\"";s:4:\""Xlsx\"";s:10:\""sheetIndex\"";i:0;s:11:\""sheetExport\"";O:39:\""App\\Exports\\ClinicPosterPriorityExports\"":0:{}s:10:\""connection\"";N;s:5:\""queue\"";N;s:15:\""chainConnection\"";N;s:10:\""chainQueue\"";N;s:5:\""delay\"";N;s:10:\""middleware\"";a:0:{}s:7:\""chained\"";a:2:{i:0;s:638:\""O:33:\""Maatwebsite\\Excel\\Jobs\\CloseSheet\"":11:{s:46:\""\u0000Maatwebsite\\Excel\\Jobs\\CloseSheet\u0000sheetExport\"";O:39:\""App\\Exports\\ClinicPosterPriorityExports\"":0:{}s:48:\""\u0000Maatwebsite\\Excel\\Jobs\\CloseSheet\u0000temporaryFile\"";O:42:\""Maatwebsite\\Excel\\Files\\LocalTemporaryFile\"":1:{s:52:\""\u0000Maatwebsite\\Excel\\Files\\LocalTemporaryFile\u0000filePath\"";s:51:\""\/tmp\/laravel-excel-W3AxWs6WZOERf2PYUB1tBZWnzccrVLQz\"";}s:45:\""\u0000Maatwebsite\\Excel\\Jobs\\CloseSheet\u0000writerType\"";s:4:\""Xlsx\"";s:45:\""\u0000Maatwebsite\\Excel\\Jobs\\CloseSheet\u0000sheetIndex\"";i:0;s:10:\""connection\"";N;s:5:\""queue\"";N;s:15:\""chainConnection\"";N;s:10:\""chainQueue\"";N;s:5:\""delay\"";N;s:10:\""middleware\"";a:0:{}s:7:\""chained\"";a:0:{}}\"";i:1;s:640:\""O:40:\""Maatwebsite\\Excel\\Jobs\\StoreQueuedExport\"":11:{s:50:\""\u0000Maatwebsite\\Excel\\Jobs\\StoreQueuedExport\u0000filePath\"";s:25:\""ClinicPosterPriority.xlsx\"";s:46:\""\u0000Maatwebsite\\Excel\\Jobs\\StoreQueuedExport\u0000disk\"";N;s:55:\""\u0000Maatwebsite\\Excel\\Jobs\\StoreQueuedExport\u0000temporaryFile\"";O:42:\""Maatwebsite\\Excel\\Files\\LocalTemporaryFile\"":1:{s:52:\""\u0000Maatwebsite\\Excel\\Files\\LocalTemporaryFile\u0000filePath\"";s:51:\""\/tmp\/laravel-excel-W3AxWs6WZOERf2PYUB1tBZWnzccrVLQz\"";}s:53:\""\u0000Maatwebsite\\Excel\\Jobs\\StoreQueuedExport\u0000diskOptions\"";a:0:{}s:10:\""connection\"";N;s:5:\""queue\"";N;s:15:\""chainConnection\"";N;s:10:\""chainQueue\"";N;s:5:\""delay\"";N;s:10:\""middleware\"";a:0:{}s:7:\""chained\"";a:0:{}}\"";}}"",""commandName"":""Maatwebsite\\Excel\\Jobs\\AppendViewToSheet""},""displayName"":""Maatwebsite\\Excel\\Jobs\\AppendViewToSheet"",""timeoutAt"":null,""job"":""Illuminate\\Queue\\CallQueuedHandler@call"",""maxTries"":null,""delay"":null,""attempts"":1}","Symfony\Component\Debug\Exception\FatalThrowableError: Return value of App\Exports\ClinicPosterPriorityExports::view() must implement interface Illuminate\Contracts\View\View, none returned in /home/vagrant/code/miDentix/app/Exports/ClinicPosterPriorityExports.php:40
Stack trace:
#0 /home/vagrant/code/miDentix/vendor/maatwebsite/excel/src/Sheet.php(346): App\Exports\ClinicPosterPriorityExports->view()
#1 /home/vagrant/code/miDentix/vendor/maatwebsite/excel/src/Jobs/AppendViewToSheet.php(63): Maatwebsite\Excel\Sheet->fromView(Object(App\Exports\ClinicPosterPriorityExports), 0)
#2 [internal function]: Maatwebsite\Excel\Jobs\AppendViewToSheet->handle(Object(Maatwebsite\Excel\Writer))
#3 /home/vagrant/code/miDentix/vendor/laravel/framework/src/Illuminate/Container/BoundMethod.php(32): call_user_func_array(Array, Array)
#4 /home/vagrant/code/miDentix/vendor/laravel/framework/src/Illuminate/Container/Util.php(34): Illuminate\Container\BoundMethod::Illuminate\Container\{closure}()
#5 /home/vagrant/code/miDentix/vendor/laravel/framework/src/Illuminate/Container/BoundMethod.php(90): Illuminate\Container\Util::unwrapIfClosure(Object(Closure))
#6 /home/vagrant/code/miDentix/vendor/laravel/framework/src/Illuminate/Container/BoundMethod.php(34): Illuminate\Container\BoundMethod::callBoundMethod(Object(Illuminate\Foundation\Application), Array, Object(Closure))
#7 /home/vagrant/code/miDentix/vendor/laravel/framework/src/Illuminate/Container/Container.php(590): Illuminate\Container\BoundMethod::call(Object(Illuminate\Foundation\Application), Array, Array, NULL)
#8 /home/vagrant/code/miDentix/vendor/laravel/framework/src/Illuminate/Bus/Dispatcher.php(94): Illuminate\Container\Container->call(Array)
#9 /home/vagrant/code/miDentix/vendor/laravel/framework/src/Illuminate/Pipeline/Pipeline.php(130): Illuminate\Bus\Dispatcher->Illuminate\Bus\{closure}(Object(Maatwebsite\Excel\Jobs\AppendViewToSheet))
#10 /home/vagrant/code/miDentix/vendor/laravel/framework/src/Illuminate/Pipeline/Pipeline.php(105): Illuminate\Pipeline\Pipeline->Illuminate\Pipeline\{closure}(Object(Maatwebsite\Excel\Jobs\AppendViewToSheet))
#11 /home/vagrant/code/miDentix/vendor/laravel/framework/src/Illuminate/Bus/Dispatcher.php(98): Illuminate\Pipeline\Pipeline->then(Object(Closure))
#12 /home/vagrant/code/miDentix/vendor/laravel/framework/src/Illuminate/Queue/CallQueuedHandler.php(83): Illuminate\Bus\Dispatcher->dispatchNow(Object(Maatwebsite\Excel\Jobs\AppendViewToSheet), false)
#13 /home/vagrant/code/miDentix/vendor/laravel/framework/src/Illuminate/Pipeline/Pipeline.php(130): Illuminate\Queue\CallQueuedHandler->Illuminate\Queue\{closure}(Object(Maatwebsite\Excel\Jobs\AppendViewToSheet))
#14 /home/vagrant/code/miDentix/vendor/laravel/framework/src/Illuminate/Pipeline/Pipeline.php(105): Illuminate\Pipeline\Pipeline->Illuminate\Pipeline\{closure}(Object(Maatwebsite\Excel\Jobs\AppendViewToSheet))
#15 /home/vagrant/code/miDentix/vendor/laravel/framework/src/Illuminate/Queue/CallQueuedHandler.php(85): Illuminate\Pipeline\Pipeline->then(Object(Closure))
#16 /home/vagrant/code/miDentix/vendor/laravel/framework/src/Illuminate/Queue/CallQueuedHandler.php(59): Illuminate\Queue\CallQueuedHandler->dispatchThroughMiddleware(Object(Illuminate\Queue\Jobs\RedisJob), Object(Maatwebsite\Excel\Jobs\AppendViewToSheet))
#17 /home/vagrant/code/miDentix/vendor/laravel/framework/src/Illuminate/Queue/Jobs/Job.php(88): Illuminate\Queue\CallQueuedHandler->call(Object(Illuminate\Queue\Jobs\RedisJob), Array)
#18 /home/vagrant/code/miDentix/vendor/laravel/framework/src/Illuminate/Queue/Worker.php(348): Illuminate\Queue\Jobs\Job->fire()
#19 /home/vagrant/code/miDentix/vendor/laravel/framework/src/Illuminate/Queue/Worker.php(294): Illuminate\Queue\Worker->process('redis', Object(Illuminate\Queue\Jobs\RedisJob), Object(Illuminate\Queue\WorkerOptions))
#20 /home/vagrant/code/miDentix/vendor/laravel/framework/src/Illuminate/Queue/Worker.php(129): Illuminate\Queue\Worker->runJob(Object(Illuminate\Queue\Jobs\RedisJob), 'redis', Object(Illuminate\Queue\WorkerOptions))
#21 /home/vagrant/code/miDentix/vendor/laravel/framework/src/Illuminate/Queue/Console/WorkCommand.php(112): Illuminate\Queue\Worker->daemon('redis', 'default', Object(Illuminate\Queue\WorkerOptions))
#22 /home/vagrant/code/miDentix/vendor/laravel/framework/src/Illuminate/Queue/Console/WorkCommand.php(96): Illuminate\Queue\Console\WorkCommand->runWorker('redis', 'default')
#23 [internal function]: Illuminate\Queue\Console\WorkCommand->handle()
#24 /home/vagrant/code/miDentix/vendor/laravel/framework/src/Illuminate/Container/BoundMethod.php(32): call_user_func_array(Array, Array)
#25 /home/vagrant/code/miDentix/vendor/laravel/framework/src/Illuminate/Container/Util.php(34): Illuminate\Container\BoundMethod::Illuminate\Container\{closure}()
#26 /home/vagrant/code/miDentix/vendor/laravel/framework/src/Illuminate/Container/BoundMethod.php(90): Illuminate\Container\Util::unwrapIfClosure(Object(Closure))
#27 /home/vagrant/code/miDentix/vendor/laravel/framework/src/Illuminate/Container/BoundMethod.php(34): Illuminate\Container\BoundMethod::callBoundMethod(Object(Illuminate\Foundation\Application), Array, Object(Closure))
#28 /home/vagrant/code/miDentix/vendor/laravel/framework/src/Illuminate/Container/Container.php(590): Illuminate\Container\BoundMethod::call(Object(Illuminate\Foundation\Application), Array, Array, NULL)
#29 /home/vagrant/code/miDentix/vendor/laravel/framework/src/Illuminate/Console/Command.php(202): Illuminate\Container\Container->call(Array)
#30 /home/vagrant/code/miDentix/vendor/symfony/console/Command/Command.php(255): Illuminate\Console\Command->execute(Object(Symfony\Component\Console\Input\ArgvInput), Object(Illuminate\Console\OutputStyle))
#31 /home/vagrant/code/miDentix/vendor/laravel/framework/src/Illuminate/Console/Command.php(189): Symfony\Component\Console\Command\Command->run(Object(Symfony\Component\Console\Input\ArgvInput), Object(Illuminate\Console\OutputStyle))
#32 /home/vagrant/code/miDentix/vendor/symfony/console/Application.php(934): Illuminate\Console\Command->run(Object(Symfony\Component\Console\Input\ArgvInput), Object(Symfony\Component\Console\Output\ConsoleOutput))
#33 /home/vagrant/code/miDentix/vendor/symfony/console/Application.php(273): Symfony\Component\Console\Application->doRunCommand(Object(Illuminate\Queue\Console\WorkCommand), Object(Symfony\Component\Console\Input\ArgvInput), Object(Symfony\Component\Console\Output\ConsoleOutput))
#34 /home/vagrant/code/miDentix/vendor/symfony/console/Application.php(149): Symfony\Component\Console\Application->doRun(Object(Symfony\Component\Console\Input\ArgvInput), Object(Symfony\Component\Console\Output\ConsoleOutput))
#35 /home/vagrant/code/miDentix/vendor/laravel/framework/src/Illuminate/Console/Application.php(90): Symfony\Component\Console\Application->run(Object(Symfony\Component\Console\Input\ArgvInput), Object(Symfony\Component\Console\Output\ConsoleOutput))
#36 /home/vagrant/code/miDentix/vendor/laravel/framework/src/Illuminate/Foundation/Console/Kernel.php(131): Illuminate\Console\Application->run(Object(Symfony\Component\Console\Input\ArgvInput), Object(Symfony\Component\Console\Output\ConsoleOutput))
#37 /home/vagrant/code/miDentix/artisan(37): Illuminate\Foundation\Console\Kernel->handle(Object(Symfony\Component\Console\Input\ArgvInput), Object(Symfony\Component\Console\Output\ConsoleOutput))
#38 {main}","2019-11-28 11:24:24"
6,"redis","default","{""timeout"":null,""id"":""SoKSobCfI7PG8aetV8d6jKA4HqzZG6Cr"",""data"":{""command"":""O:40:\""Maatwebsite\\Excel\\Jobs\\AppendViewToSheet\"":11:{s:13:\""temporaryFile\"";O:42:\""Maatwebsite\\Excel\\Files\\LocalTemporaryFile\"":1:{s:52:\""\u0000Maatwebsite\\Excel\\Files\\LocalTemporaryFile\u0000filePath\"";s:51:\""\/tmp\/laravel-excel-b2F0js0GtuwKuhN8SLZZ0XkhqDBSpHWw\"";}s:10:\""writerType\"";s:4:\""Xlsx\"";s:10:\""sheetIndex\"";i:0;s:11:\""sheetExport\"";O:39:\""App\\Exports\\ClinicPosterPriorityExports\"":0:{}s:10:\""connection\"";N;s:5:\""queue\"";N;s:15:\""chainConnection\"";N;s:10:\""chainQueue\"";N;s:5:\""delay\"";N;s:10:\""middleware\"";a:0:{}s:7:\""chained\"";a:2:{i:0;s:638:\""O:33:\""Maatwebsite\\Excel\\Jobs\\CloseSheet\"":11:{s:46:\""\u0000Maatwebsite\\Excel\\Jobs\\CloseSheet\u0000sheetExport\"";O:39:\""App\\Exports\\ClinicPosterPriorityExports\"":0:{}s:48:\""\u0000Maatwebsite\\Excel\\Jobs\\CloseSheet\u0000temporaryFile\"";O:42:\""Maatwebsite\\Excel\\Files\\LocalTemporaryFile\"":1:{s:52:\""\u0000Maatwebsite\\Excel\\Files\\LocalTemporaryFile\u0000filePath\"";s:51:\""\/tmp\/laravel-excel-b2F0js0GtuwKuhN8SLZZ0XkhqDBSpHWw\"";}s:45:\""\u0000Maatwebsite\\Excel\\Jobs\\CloseSheet\u0000writerType\"";s:4:\""Xlsx\"";s:45:\""\u0000Maatwebsite\\Excel\\Jobs\\CloseSheet\u0000sheetIndex\"";i:0;s:10:\""connection\"";N;s:5:\""queue\"";N;s:15:\""chainConnection\"";N;s:10:\""chainQueue\"";N;s:5:\""delay\"";N;s:10:\""middleware\"";a:0:{}s:7:\""chained\"";a:0:{}}\"";i:1;s:640:\""O:40:\""Maatwebsite\\Excel\\Jobs\\StoreQueuedExport\"":11:{s:50:\""\u0000Maatwebsite\\Excel\\Jobs\\StoreQueuedExport\u0000filePath\"";s:25:\""ClinicPosterPriority.xlsx\"";s:46:\""\u0000Maatwebsite\\Excel\\Jobs\\StoreQueuedExport\u0000disk\"";N;s:55:\""\u0000Maatwebsite\\Excel\\Jobs\\StoreQueuedExport\u0000temporaryFile\"";O:42:\""Maatwebsite\\Excel\\Files\\LocalTemporaryFile\"":1:{s:52:\""\u0000Maatwebsite\\Excel\\Files\\LocalTemporaryFile\u0000filePath\"";s:51:\""\/tmp\/laravel-excel-b2F0js0GtuwKuhN8SLZZ0XkhqDBSpHWw\"";}s:53:\""\u0000Maatwebsite\\Excel\\Jobs\\StoreQueuedExport\u0000diskOptions\"";a:0:{}s:10:\""connection\"";N;s:5:\""queue\"";N;s:15:\""chainConnection\"";N;s:10:\""chainQueue\"";N;s:5:\""delay\"";N;s:10:\""middleware\"";a:0:{}s:7:\""chained\"";a:0:{}}\"";}}"",""commandName"":""Maatwebsite\\Excel\\Jobs\\AppendViewToSheet""},""displayName"":""Maatwebsite\\Excel\\Jobs\\AppendViewToSheet"",""timeoutAt"":null,""job"":""Illuminate\\Queue\\CallQueuedHandler@call"",""maxTries"":null,""delay"":null,""attempts"":1}","Symfony\Component\Debug\Exception\FatalThrowableError: Return value of App\Exports\ClinicPosterPriorityExports::view() must implement interface Illuminate\Contracts\View\View, none returned in /home/vagrant/code/miDentix/app/Exports/ClinicPosterPriorityExports.php:40
Stack trace:
#0 /home/vagrant/code/miDentix/vendor/maatwebsite/excel/src/Sheet.php(346): App\Exports\ClinicPosterPriorityExports->view()
#1 /home/vagrant/code/miDentix/vendor/maatwebsite/excel/src/Jobs/AppendViewToSheet.php(63): Maatwebsite\Excel\Sheet->fromView(Object(App\Exports\ClinicPosterPriorityExports), 0)
#2 [internal function]: Maatwebsite\Excel\Jobs\AppendViewToSheet->handle(Object(Maatwebsite\Excel\Writer))
#3 /home/vagrant/code/miDentix/vendor/laravel/framework/src/Illuminate/Container/BoundMethod.php(32): call_user_func_array(Array, Array)
#4 /home/vagrant/code/miDentix/vendor/laravel/framework/src/Illuminate/Container/Util.php(34): Illuminate\Container\BoundMethod::Illuminate\Container\{closure}()
#5 /home/vagrant/code/miDentix/vendor/laravel/framework/src/Illuminate/Container/BoundMethod.php(90): Illuminate\Container\Util::unwrapIfClosure(Object(Closure))
#6 /home/vagrant/code/miDentix/vendor/laravel/framework/src/Illuminate/Container/BoundMethod.php(34): Illuminate\Container\BoundMethod::callBoundMethod(Object(Illuminate\Foundation\Application), Array, Object(Closure))
#7 /home/vagrant/code/miDentix/vendor/laravel/framework/src/Illuminate/Container/Container.php(590): Illuminate\Container\BoundMethod::call(Object(Illuminate\Foundation\Application), Array, Array, NULL)
#8 /home/vagrant/code/miDentix/vendor/laravel/framework/src/Illuminate/Bus/Dispatcher.php(94): Illuminate\Container\Container->call(Array)
#9 /home/vagrant/code/miDentix/vendor/laravel/framework/src/Illuminate/Pipeline/Pipeline.php(130): Illuminate\Bus\Dispatcher->Illuminate\Bus\{closure}(Object(Maatwebsite\Excel\Jobs\AppendViewToSheet))
#10 /home/vagrant/code/miDentix/vendor/laravel/framework/src/Illuminate/Pipeline/Pipeline.php(105): Illuminate\Pipeline\Pipeline->Illuminate\Pipeline\{closure}(Object(Maatwebsite\Excel\Jobs\AppendViewToSheet))
#11 /home/vagrant/code/miDentix/vendor/laravel/framework/src/Illuminate/Bus/Dispatcher.php(98): Illuminate\Pipeline\Pipeline->then(Object(Closure))
#12 /home/vagrant/code/miDentix/vendor/laravel/framework/src/Illuminate/Queue/CallQueuedHandler.php(83): Illuminate\Bus\Dispatcher->dispatchNow(Object(Maatwebsite\Excel\Jobs\AppendViewToSheet), false)
#13 /home/vagrant/code/miDentix/vendor/laravel/framework/src/Illuminate/Pipeline/Pipeline.php(130): Illuminate\Queue\CallQueuedHandler->Illuminate\Queue\{closure}(Object(Maatwebsite\Excel\Jobs\AppendViewToSheet))
#14 /home/vagrant/code/miDentix/vendor/laravel/framework/src/Illuminate/Pipeline/Pipeline.php(105): Illuminate\Pipeline\Pipeline->Illuminate\Pipeline\{closure}(Object(Maatwebsite\Excel\Jobs\AppendViewToSheet))
#15 /home/vagrant/code/miDentix/vendor/laravel/framework/src/Illuminate/Queue/CallQueuedHandler.php(85): Illuminate\Pipeline\Pipeline->then(Object(Closure))
#16 /home/vagrant/code/miDentix/vendor/laravel/framework/src/Illuminate/Queue/CallQueuedHandler.php(59): Illuminate\Queue\CallQueuedHandler->dispatchThroughMiddleware(Object(Illuminate\Queue\Jobs\RedisJob), Object(Maatwebsite\Excel\Jobs\AppendViewToSheet))
#17 /home/vagrant/code/miDentix/vendor/laravel/framework/src/Illuminate/Queue/Jobs/Job.php(88): Illuminate\Queue\CallQueuedHandler->call(Object(Illuminate\Queue\Jobs\RedisJob), Array)
#18 /home/vagrant/code/miDentix/vendor/laravel/framework/src/Illuminate/Queue/Worker.php(348): Illuminate\Queue\Jobs\Job->fire()
#19 /home/vagrant/code/miDentix/vendor/laravel/framework/src/Illuminate/Queue/Worker.php(294): Illuminate\Queue\Worker->process('redis', Object(Illuminate\Queue\Jobs\RedisJob), Object(Illuminate\Queue\WorkerOptions))
#20 /home/vagrant/code/miDentix/vendor/laravel/framework/src/Illuminate/Queue/Worker.php(129): Illuminate\Queue\Worker->runJob(Object(Illuminate\Queue\Jobs\RedisJob), 'redis', Object(Illuminate\Queue\WorkerOptions))
#21 /home/vagrant/code/miDentix/vendor/laravel/framework/src/Illuminate/Queue/Console/WorkCommand.php(112): Illuminate\Queue\Worker->daemon('redis', 'default', Object(Illuminate\Queue\WorkerOptions))
#22 /home/vagrant/code/miDentix/vendor/laravel/framework/src/Illuminate/Queue/Console/WorkCommand.php(96): Illuminate\Queue\Console\WorkCommand->runWorker('redis', 'default')
#23 [internal function]: Illuminate\Queue\Console\WorkCommand->handle()
#24 /home/vagrant/code/miDentix/vendor/laravel/framework/src/Illuminate/Container/BoundMethod.php(32): call_user_func_array(Array, Array)
#25 /home/vagrant/code/miDentix/vendor/laravel/framework/src/Illuminate/Container/Util.php(34): Illuminate\Container\BoundMethod::Illuminate\Container\{closure}()
#26 /home/vagrant/code/miDentix/vendor/laravel/framework/src/Illuminate/Container/BoundMethod.php(90): Illuminate\Container\Util::unwrapIfClosure(Object(Closure))
#27 /home/vagrant/code/miDentix/vendor/laravel/framework/src/Illuminate/Container/BoundMethod.php(34): Illuminate\Container\BoundMethod::callBoundMethod(Object(Illuminate\Foundation\Application), Array, Object(Closure))
#28 /home/vagrant/code/miDentix/vendor/laravel/framework/src/Illuminate/Container/Container.php(590): Illuminate\Container\BoundMethod::call(Object(Illuminate\Foundation\Application), Array, Array, NULL)
#29 /home/vagrant/code/miDentix/vendor/laravel/framework/src/Illuminate/Console/Command.php(202): Illuminate\Container\Container->call(Array)
#30 /home/vagrant/code/miDentix/vendor/symfony/console/Command/Command.php(255): Illuminate\Console\Command->execute(Object(Symfony\Component\Console\Input\ArgvInput), Object(Illuminate\Console\OutputStyle))
#31 /home/vagrant/code/miDentix/vendor/laravel/framework/src/Illuminate/Console/Command.php(189): Symfony\Component\Console\Command\Command->run(Object(Symfony\Component\Console\Input\ArgvInput), Object(Illuminate\Console\OutputStyle))
#32 /home/vagrant/code/miDentix/vendor/symfony/console/Application.php(934): Illuminate\Console\Command->run(Object(Symfony\Component\Console\Input\ArgvInput), Object(Symfony\Component\Console\Output\ConsoleOutput))
#33 /home/vagrant/code/miDentix/vendor/symfony/console/Application.php(273): Symfony\Component\Console\Application->doRunCommand(Object(Illuminate\Queue\Console\WorkCommand), Object(Symfony\Component\Console\Input\ArgvInput), Object(Symfony\Component\Console\Output\ConsoleOutput))
#34 /home/vagrant/code/miDentix/vendor/symfony/console/Application.php(149): Symfony\Component\Console\Application->doRun(Object(Symfony\Component\Console\Input\ArgvInput), Object(Symfony\Component\Console\Output\ConsoleOutput))
#35 /home/vagrant/code/miDentix/vendor/laravel/framework/src/Illuminate/Console/Application.php(90): Symfony\Component\Console\Application->run(Object(Symfony\Component\Console\Input\ArgvInput), Object(Symfony\Component\Console\Output\ConsoleOutput))
#36 /home/vagrant/code/miDentix/vendor/laravel/framework/src/Illuminate/Foundation/Console/Kernel.php(131): Illuminate\Console\Application->run(Object(Symfony\Component\Console\Input\ArgvInput), Object(Symfony\Component\Console\Output\ConsoleOutput))
#37 /home/vagrant/code/miDentix/artisan(37): Illuminate\Foundation\Console\Kernel->handle(Object(Symfony\Component\Console\Input\ArgvInput), Object(Symfony\Component\Console\Output\ConsoleOutput))
#38 {main}","2019-11-28 11:26:49"
7,"redis","default","{""timeout"":null,""id"":""38rjeJm69lzIr8gmU37bVo71Ws8nsLsk"",""data"":{""command"":""O:40:\""Maatwebsite\\Excel\\Jobs\\AppendViewToSheet\"":11:{s:13:\""temporaryFile\"";O:42:\""Maatwebsite\\Excel\\Files\\LocalTemporaryFile\"":1:{s:52:\""\u0000Maatwebsite\\Excel\\Files\\LocalTemporaryFile\u0000filePath\"";s:51:\""\/tmp\/laravel-excel-zruSusvGYspK1LusY2H44u2c7m8q9d3n\"";}s:10:\""writerType\"";s:4:\""Xlsx\"";s:10:\""sheetIndex\"";i:0;s:11:\""sheetExport\"";O:39:\""App\\Exports\\ClinicPosterPriorityExports\"":0:{}s:10:\""connection\"";N;s:5:\""queue\"";N;s:15:\""chainConnection\"";N;s:10:\""chainQueue\"";N;s:5:\""delay\"";N;s:10:\""middleware\"";a:0:{}s:7:\""chained\"";a:2:{i:0;s:638:\""O:33:\""Maatwebsite\\Excel\\Jobs\\CloseSheet\"":11:{s:46:\""\u0000Maatwebsite\\Excel\\Jobs\\CloseSheet\u0000sheetExport\"";O:39:\""App\\Exports\\ClinicPosterPriorityExports\"":0:{}s:48:\""\u0000Maatwebsite\\Excel\\Jobs\\CloseSheet\u0000temporaryFile\"";O:42:\""Maatwebsite\\Excel\\Files\\LocalTemporaryFile\"":1:{s:52:\""\u0000Maatwebsite\\Excel\\Files\\LocalTemporaryFile\u0000filePath\"";s:51:\""\/tmp\/laravel-excel-zruSusvGYspK1LusY2H44u2c7m8q9d3n\"";}s:45:\""\u0000Maatwebsite\\Excel\\Jobs\\CloseSheet\u0000writerType\"";s:4:\""Xlsx\"";s:45:\""\u0000Maatwebsite\\Excel\\Jobs\\CloseSheet\u0000sheetIndex\"";i:0;s:10:\""connection\"";N;s:5:\""queue\"";N;s:15:\""chainConnection\"";N;s:10:\""chainQueue\"";N;s:5:\""delay\"";N;s:10:\""middleware\"";a:0:{}s:7:\""chained\"";a:0:{}}\"";i:1;s:640:\""O:40:\""Maatwebsite\\Excel\\Jobs\\StoreQueuedExport\"":11:{s:50:\""\u0000Maatwebsite\\Excel\\Jobs\\StoreQueuedExport\u0000filePath\"";s:25:\""ClinicPosterPriority.xlsx\"";s:46:\""\u0000Maatwebsite\\Excel\\Jobs\\StoreQueuedExport\u0000disk\"";N;s:55:\""\u0000Maatwebsite\\Excel\\Jobs\\StoreQueuedExport\u0000temporaryFile\"";O:42:\""Maatwebsite\\Excel\\Files\\LocalTemporaryFile\"":1:{s:52:\""\u0000Maatwebsite\\Excel\\Files\\LocalTemporaryFile\u0000filePath\"";s:51:\""\/tmp\/laravel-excel-zruSusvGYspK1LusY2H44u2c7m8q9d3n\"";}s:53:\""\u0000Maatwebsite\\Excel\\Jobs\\StoreQueuedExport\u0000diskOptions\"";a:0:{}s:10:\""connection\"";N;s:5:\""queue\"";N;s:15:\""chainConnection\"";N;s:10:\""chainQueue\"";N;s:5:\""delay\"";N;s:10:\""middleware\"";a:0:{}s:7:\""chained\"";a:0:{}}\"";}}"",""commandName"":""Maatwebsite\\Excel\\Jobs\\AppendViewToSheet""},""displayName"":""Maatwebsite\\Excel\\Jobs\\AppendViewToSheet"",""timeoutAt"":null,""job"":""Illuminate\\Queue\\CallQueuedHandler@call"",""maxTries"":null,""delay"":null,""attempts"":1}","Symfony\Component\Debug\Exception\FatalThrowableError: Return value of App\Exports\ClinicPosterPriorityExports::view() must implement interface Illuminate\Contracts\View\View, none returned in /home/vagrant/code/miDentix/app/Exports/ClinicPosterPriorityExports.php:40
Stack trace:
#0 /home/vagrant/code/miDentix/vendor/maatwebsite/excel/src/Sheet.php(346): App\Exports\ClinicPosterPriorityExports->view()
#1 /home/vagrant/code/miDentix/vendor/maatwebsite/excel/src/Jobs/AppendViewToSheet.php(63): Maatwebsite\Excel\Sheet->fromView(Object(App\Exports\ClinicPosterPriorityExports), 0)
#2 [internal function]: Maatwebsite\Excel\Jobs\AppendViewToSheet->handle(Object(Maatwebsite\Excel\Writer))
#3 /home/vagrant/code/miDentix/vendor/laravel/framework/src/Illuminate/Container/BoundMethod.php(32): call_user_func_array(Array, Array)
#4 /home/vagrant/code/miDentix/vendor/laravel/framework/src/Illuminate/Container/Util.php(34): Illuminate\Container\BoundMethod::Illuminate\Container\{closure}()
#5 /home/vagrant/code/miDentix/vendor/laravel/framework/src/Illuminate/Container/BoundMethod.php(90): Illuminate\Container\Util::unwrapIfClosure(Object(Closure))
#6 /home/vagrant/code/miDentix/vendor/laravel/framework/src/Illuminate/Container/BoundMethod.php(34): Illuminate\Container\BoundMethod::callBoundMethod(Object(Illuminate\Foundation\Application), Array, Object(Closure))
#7 /home/vagrant/code/miDentix/vendor/laravel/framework/src/Illuminate/Container/Container.php(590): Illuminate\Container\BoundMethod::call(Object(Illuminate\Foundation\Application), Array, Array, NULL)
#8 /home/vagrant/code/miDentix/vendor/laravel/framework/src/Illuminate/Bus/Dispatcher.php(94): Illuminate\Container\Container->call(Array)
#9 /home/vagrant/code/miDentix/vendor/laravel/framework/src/Illuminate/Pipeline/Pipeline.php(130): Illuminate\Bus\Dispatcher->Illuminate\Bus\{closure}(Object(Maatwebsite\Excel\Jobs\AppendViewToSheet))
#10 /home/vagrant/code/miDentix/vendor/laravel/framework/src/Illuminate/Pipeline/Pipeline.php(105): Illuminate\Pipeline\Pipeline->Illuminate\Pipeline\{closure}(Object(Maatwebsite\Excel\Jobs\AppendViewToSheet))
#11 /home/vagrant/code/miDentix/vendor/laravel/framework/src/Illuminate/Bus/Dispatcher.php(98): Illuminate\Pipeline\Pipeline->then(Object(Closure))
#12 /home/vagrant/code/miDentix/vendor/laravel/framework/src/Illuminate/Queue/CallQueuedHandler.php(83): Illuminate\Bus\Dispatcher->dispatchNow(Object(Maatwebsite\Excel\Jobs\AppendViewToSheet), false)
#13 /home/vagrant/code/miDentix/vendor/laravel/framework/src/Illuminate/Pipeline/Pipeline.php(130): Illuminate\Queue\CallQueuedHandler->Illuminate\Queue\{closure}(Object(Maatwebsite\Excel\Jobs\AppendViewToSheet))
#14 /home/vagrant/code/miDentix/vendor/laravel/framework/src/Illuminate/Pipeline/Pipeline.php(105): Illuminate\Pipeline\Pipeline->Illuminate\Pipeline\{closure}(Object(Maatwebsite\Excel\Jobs\AppendViewToSheet))
#15 /home/vagrant/code/miDentix/vendor/laravel/framework/src/Illuminate/Queue/CallQueuedHandler.php(85): Illuminate\Pipeline\Pipeline->then(Object(Closure))
#16 /home/vagrant/code/miDentix/vendor/laravel/framework/src/Illuminate/Queue/CallQueuedHandler.php(59): Illuminate\Queue\CallQueuedHandler->dispatchThroughMiddleware(Object(Illuminate\Queue\Jobs\RedisJob), Object(Maatwebsite\Excel\Jobs\AppendViewToSheet))
#17 /home/vagrant/code/miDentix/vendor/laravel/framework/src/Illuminate/Queue/Jobs/Job.php(88): Illuminate\Queue\CallQueuedHandler->call(Object(Illuminate\Queue\Jobs\RedisJob), Array)
#18 /home/vagrant/code/miDentix/vendor/laravel/framework/src/Illuminate/Queue/Worker.php(348): Illuminate\Queue\Jobs\Job->fire()
#19 /home/vagrant/code/miDentix/vendor/laravel/framework/src/Illuminate/Queue/Worker.php(294): Illuminate\Queue\Worker->process('redis', Object(Illuminate\Queue\Jobs\RedisJob), Object(Illuminate\Queue\WorkerOptions))
#20 /home/vagrant/code/miDentix/vendor/laravel/framework/src/Illuminate/Queue/Worker.php(129): Illuminate\Queue\Worker->runJob(Object(Illuminate\Queue\Jobs\RedisJob), 'redis', Object(Illuminate\Queue\WorkerOptions))
#21 /home/vagrant/code/miDentix/vendor/laravel/framework/src/Illuminate/Queue/Console/WorkCommand.php(112): Illuminate\Queue\Worker->daemon('redis', 'default', Object(Illuminate\Queue\WorkerOptions))
#22 /home/vagrant/code/miDentix/vendor/laravel/framework/src/Illuminate/Queue/Console/WorkCommand.php(96): Illuminate\Queue\Console\WorkCommand->runWorker('redis', 'default')
#23 [internal function]: Illuminate\Queue\Console\WorkCommand->handle()
#24 /home/vagrant/code/miDentix/vendor/laravel/framework/src/Illuminate/Container/BoundMethod.php(32): call_user_func_array(Array, Array)
#25 /home/vagrant/code/miDentix/vendor/laravel/framework/src/Illuminate/Container/Util.php(34): Illuminate\Container\BoundMethod::Illuminate\Container\{closure}()
#26 /home/vagrant/code/miDentix/vendor/laravel/framework/src/Illuminate/Container/BoundMethod.php(90): Illuminate\Container\Util::unwrapIfClosure(Object(Closure))
#27 /home/vagrant/code/miDentix/vendor/laravel/framework/src/Illuminate/Container/BoundMethod.php(34): Illuminate\Container\BoundMethod::callBoundMethod(Object(Illuminate\Foundation\Application), Array, Object(Closure))
#28 /home/vagrant/code/miDentix/vendor/laravel/framework/src/Illuminate/Container/Container.php(590): Illuminate\Container\BoundMethod::call(Object(Illuminate\Foundation\Application), Array, Array, NULL)
#29 /home/vagrant/code/miDentix/vendor/laravel/framework/src/Illuminate/Console/Command.php(202): Illuminate\Container\Container->call(Array)
#30 /home/vagrant/code/miDentix/vendor/symfony/console/Command/Command.php(255): Illuminate\Console\Command->execute(Object(Symfony\Component\Console\Input\ArgvInput), Object(Illuminate\Console\OutputStyle))
#31 /home/vagrant/code/miDentix/vendor/laravel/framework/src/Illuminate/Console/Command.php(189): Symfony\Component\Console\Command\Command->run(Object(Symfony\Component\Console\Input\ArgvInput), Object(Illuminate\Console\OutputStyle))
#32 /home/vagrant/code/miDentix/vendor/symfony/console/Application.php(934): Illuminate\Console\Command->run(Object(Symfony\Component\Console\Input\ArgvInput), Object(Symfony\Component\Console\Output\ConsoleOutput))
#33 /home/vagrant/code/miDentix/vendor/symfony/console/Application.php(273): Symfony\Component\Console\Application->doRunCommand(Object(Illuminate\Queue\Console\WorkCommand), Object(Symfony\Component\Console\Input\ArgvInput), Object(Symfony\Component\Console\Output\ConsoleOutput))
#34 /home/vagrant/code/miDentix/vendor/symfony/console/Application.php(149): Symfony\Component\Console\Application->doRun(Object(Symfony\Component\Console\Input\ArgvInput), Object(Symfony\Component\Console\Output\ConsoleOutput))
#35 /home/vagrant/code/miDentix/vendor/laravel/framework/src/Illuminate/Console/Application.php(90): Symfony\Component\Console\Application->run(Object(Symfony\Component\Console\Input\ArgvInput), Object(Symfony\Component\Console\Output\ConsoleOutput))
#36 /home/vagrant/code/miDentix/vendor/laravel/framework/src/Illuminate/Foundation/Console/Kernel.php(131): Illuminate\Console\Application->run(Object(Symfony\Component\Console\Input\ArgvInput), Object(Symfony\Component\Console\Output\ConsoleOutput))
#37 /home/vagrant/code/miDentix/artisan(37): Illuminate\Foundation\Console\Kernel->handle(Object(Symfony\Component\Console\Input\ArgvInput), Object(Symfony\Component\Console\Output\ConsoleOutput))
#38 {main}","2019-11-28 11:40:01"
8,"redis","default","{""timeout"":null,""id"":""ONnLRrpeo3l5INX1SjSAbtYeav0KhT6W"",""data"":{""command"":""O:40:\""Maatwebsite\\Excel\\Jobs\\AppendViewToSheet\"":11:{s:13:\""temporaryFile\"";O:42:\""Maatwebsite\\Excel\\Files\\LocalTemporaryFile\"":1:{s:52:\""\u0000Maatwebsite\\Excel\\Files\\LocalTemporaryFile\u0000filePath\"";s:51:\""\/tmp\/laravel-excel-dW3ToROVfjcdAbrKXIPfpAN7lwrndZuD\"";}s:10:\""writerType\"";s:4:\""Xlsx\"";s:10:\""sheetIndex\"";i:0;s:11:\""sheetExport\"";O:39:\""App\\Exports\\ClinicPosterPriorityExports\"":0:{}s:10:\""connection\"";N;s:5:\""queue\"";N;s:15:\""chainConnection\"";N;s:10:\""chainQueue\"";N;s:5:\""delay\"";N;s:10:\""middleware\"";a:0:{}s:7:\""chained\"";a:2:{i:0;s:638:\""O:33:\""Maatwebsite\\Excel\\Jobs\\CloseSheet\"":11:{s:46:\""\u0000Maatwebsite\\Excel\\Jobs\\CloseSheet\u0000sheetExport\"";O:39:\""App\\Exports\\ClinicPosterPriorityExports\"":0:{}s:48:\""\u0000Maatwebsite\\Excel\\Jobs\\CloseSheet\u0000temporaryFile\"";O:42:\""Maatwebsite\\Excel\\Files\\LocalTemporaryFile\"":1:{s:52:\""\u0000Maatwebsite\\Excel\\Files\\LocalTemporaryFile\u0000filePath\"";s:51:\""\/tmp\/laravel-excel-dW3ToROVfjcdAbrKXIPfpAN7lwrndZuD\"";}s:45:\""\u0000Maatwebsite\\Excel\\Jobs\\CloseSheet\u0000writerType\"";s:4:\""Xlsx\"";s:45:\""\u0000Maatwebsite\\Excel\\Jobs\\CloseSheet\u0000sheetIndex\"";i:0;s:10:\""connection\"";N;s:5:\""queue\"";N;s:15:\""chainConnection\"";N;s:10:\""chainQueue\"";N;s:5:\""delay\"";N;s:10:\""middleware\"";a:0:{}s:7:\""chained\"";a:0:{}}\"";i:1;s:640:\""O:40:\""Maatwebsite\\Excel\\Jobs\\StoreQueuedExport\"":11:{s:50:\""\u0000Maatwebsite\\Excel\\Jobs\\StoreQueuedExport\u0000filePath\"";s:25:\""ClinicPosterPriority.xlsx\"";s:46:\""\u0000Maatwebsite\\Excel\\Jobs\\StoreQueuedExport\u0000disk\"";N;s:55:\""\u0000Maatwebsite\\Excel\\Jobs\\StoreQueuedExport\u0000temporaryFile\"";O:42:\""Maatwebsite\\Excel\\Files\\LocalTemporaryFile\"":1:{s:52:\""\u0000Maatwebsite\\Excel\\Files\\LocalTemporaryFile\u0000filePath\"";s:51:\""\/tmp\/laravel-excel-dW3ToROVfjcdAbrKXIPfpAN7lwrndZuD\"";}s:53:\""\u0000Maatwebsite\\Excel\\Jobs\\StoreQueuedExport\u0000diskOptions\"";a:0:{}s:10:\""connection\"";N;s:5:\""queue\"";N;s:15:\""chainConnection\"";N;s:10:\""chainQueue\"";N;s:5:\""delay\"";N;s:10:\""middleware\"";a:0:{}s:7:\""chained\"";a:0:{}}\"";}}"",""commandName"":""Maatwebsite\\Excel\\Jobs\\AppendViewToSheet""},""displayName"":""Maatwebsite\\Excel\\Jobs\\AppendViewToSheet"",""timeoutAt"":null,""job"":""Illuminate\\Queue\\CallQueuedHandler@call"",""maxTries"":null,""delay"":null,""attempts"":1}","Symfony\Component\Debug\Exception\FatalThrowableError: Return value of App\Exports\ClinicPosterPriorityExports::view() must implement interface Illuminate\Contracts\View\View, none returned in /home/vagrant/code/miDentix/app/Exports/ClinicPosterPriorityExports.php:43
Stack trace:
#0 /home/vagrant/code/miDentix/vendor/maatwebsite/excel/src/Sheet.php(346): App\Exports\ClinicPosterPriorityExports->view()
#1 /home/vagrant/code/miDentix/vendor/maatwebsite/excel/src/Jobs/AppendViewToSheet.php(63): Maatwebsite\Excel\Sheet->fromView(Object(App\Exports\ClinicPosterPriorityExports), 0)
#2 [internal function]: Maatwebsite\Excel\Jobs\AppendViewToSheet->handle(Object(Maatwebsite\Excel\Writer))
#3 /home/vagrant/code/miDentix/vendor/laravel/framework/src/Illuminate/Container/BoundMethod.php(32): call_user_func_array(Array, Array)
#4 /home/vagrant/code/miDentix/vendor/laravel/framework/src/Illuminate/Container/Util.php(34): Illuminate\Container\BoundMethod::Illuminate\Container\{closure}()
#5 /home/vagrant/code/miDentix/vendor/laravel/framework/src/Illuminate/Container/BoundMethod.php(90): Illuminate\Container\Util::unwrapIfClosure(Object(Closure))
#6 /home/vagrant/code/miDentix/vendor/laravel/framework/src/Illuminate/Container/BoundMethod.php(34): Illuminate\Container\BoundMethod::callBoundMethod(Object(Illuminate\Foundation\Application), Array, Object(Closure))
#7 /home/vagrant/code/miDentix/vendor/laravel/framework/src/Illuminate/Container/Container.php(590): Illuminate\Container\BoundMethod::call(Object(Illuminate\Foundation\Application), Array, Array, NULL)
#8 /home/vagrant/code/miDentix/vendor/laravel/framework/src/Illuminate/Bus/Dispatcher.php(94): Illuminate\Container\Container->call(Array)
#9 /home/vagrant/code/miDentix/vendor/laravel/framework/src/Illuminate/Pipeline/Pipeline.php(130): Illuminate\Bus\Dispatcher->Illuminate\Bus\{closure}(Object(Maatwebsite\Excel\Jobs\AppendViewToSheet))
#10 /home/vagrant/code/miDentix/vendor/laravel/framework/src/Illuminate/Pipeline/Pipeline.php(105): Illuminate\Pipeline\Pipeline->Illuminate\Pipeline\{closure}(Object(Maatwebsite\Excel\Jobs\AppendViewToSheet))
#11 /home/vagrant/code/miDentix/vendor/laravel/framework/src/Illuminate/Bus/Dispatcher.php(98): Illuminate\Pipeline\Pipeline->then(Object(Closure))
#12 /home/vagrant/code/miDentix/vendor/laravel/framework/src/Illuminate/Queue/CallQueuedHandler.php(83): Illuminate\Bus\Dispatcher->dispatchNow(Object(Maatwebsite\Excel\Jobs\AppendViewToSheet), false)
#13 /home/vagrant/code/miDentix/vendor/laravel/framework/src/Illuminate/Pipeline/Pipeline.php(130): Illuminate\Queue\CallQueuedHandler->Illuminate\Queue\{closure}(Object(Maatwebsite\Excel\Jobs\AppendViewToSheet))
#14 /home/vagrant/code/miDentix/vendor/laravel/framework/src/Illuminate/Pipeline/Pipeline.php(105): Illuminate\Pipeline\Pipeline->Illuminate\Pipeline\{closure}(Object(Maatwebsite\Excel\Jobs\AppendViewToSheet))
#15 /home/vagrant/code/miDentix/vendor/laravel/framework/src/Illuminate/Queue/CallQueuedHandler.php(85): Illuminate\Pipeline\Pipeline->then(Object(Closure))
#16 /home/vagrant/code/miDentix/vendor/laravel/framework/src/Illuminate/Queue/CallQueuedHandler.php(59): Illuminate\Queue\CallQueuedHandler->dispatchThroughMiddleware(Object(Illuminate\Queue\Jobs\RedisJob), Object(Maatwebsite\Excel\Jobs\AppendViewToSheet))
#17 /home/vagrant/code/miDentix/vendor/laravel/framework/src/Illuminate/Queue/Jobs/Job.php(88): Illuminate\Queue\CallQueuedHandler->call(Object(Illuminate\Queue\Jobs\RedisJob), Array)
#18 /home/vagrant/code/miDentix/vendor/laravel/framework/src/Illuminate/Queue/Worker.php(348): Illuminate\Queue\Jobs\Job->fire()
#19 /home/vagrant/code/miDentix/vendor/laravel/framework/src/Illuminate/Queue/Worker.php(294): Illuminate\Queue\Worker->process('redis', Object(Illuminate\Queue\Jobs\RedisJob), Object(Illuminate\Queue\WorkerOptions))
#20 /home/vagrant/code/miDentix/vendor/laravel/framework/src/Illuminate/Queue/Worker.php(129): Illuminate\Queue\Worker->runJob(Object(Illuminate\Queue\Jobs\RedisJob), 'redis', Object(Illuminate\Queue\WorkerOptions))
#21 /home/vagrant/code/miDentix/vendor/laravel/framework/src/Illuminate/Queue/Console/WorkCommand.php(112): Illuminate\Queue\Worker->daemon('redis', 'default', Object(Illuminate\Queue\WorkerOptions))
#22 /home/vagrant/code/miDentix/vendor/laravel/framework/src/Illuminate/Queue/Console/WorkCommand.php(96): Illuminate\Queue\Console\WorkCommand->runWorker('redis', 'default')
#23 [internal function]: Illuminate\Queue\Console\WorkCommand->handle()
#24 /home/vagrant/code/miDentix/vendor/laravel/framework/src/Illuminate/Container/BoundMethod.php(32): call_user_func_array(Array, Array)
#25 /home/vagrant/code/miDentix/vendor/laravel/framework/src/Illuminate/Container/Util.php(34): Illuminate\Container\BoundMethod::Illuminate\Container\{closure}()
#26 /home/vagrant/code/miDentix/vendor/laravel/framework/src/Illuminate/Container/BoundMethod.php(90): Illuminate\Container\Util::unwrapIfClosure(Object(Closure))
#27 /home/vagrant/code/miDentix/vendor/laravel/framework/src/Illuminate/Container/BoundMethod.php(34): Illuminate\Container\BoundMethod::callBoundMethod(Object(Illuminate\Foundation\Application), Array, Object(Closure))
#28 /home/vagrant/code/miDentix/vendor/laravel/framework/src/Illuminate/Container/Container.php(590): Illuminate\Container\BoundMethod::call(Object(Illuminate\Foundation\Application), Array, Array, NULL)
#29 /home/vagrant/code/miDentix/vendor/laravel/framework/src/Illuminate/Console/Command.php(202): Illuminate\Container\Container->call(Array)
#30 /home/vagrant/code/miDentix/vendor/symfony/console/Command/Command.php(255): Illuminate\Console\Command->execute(Object(Symfony\Component\Console\Input\ArgvInput), Object(Illuminate\Console\OutputStyle))
#31 /home/vagrant/code/miDentix/vendor/laravel/framework/src/Illuminate/Console/Command.php(189): Symfony\Component\Console\Command\Command->run(Object(Symfony\Component\Console\Input\ArgvInput), Object(Illuminate\Console\OutputStyle))
#32 /home/vagrant/code/miDentix/vendor/symfony/console/Application.php(934): Illuminate\Console\Command->run(Object(Symfony\Component\Console\Input\ArgvInput), Object(Symfony\Component\Console\Output\ConsoleOutput))
#33 /home/vagrant/code/miDentix/vendor/symfony/console/Application.php(273): Symfony\Component\Console\Application->doRunCommand(Object(Illuminate\Queue\Console\WorkCommand), Object(Symfony\Component\Console\Input\ArgvInput), Object(Symfony\Component\Console\Output\ConsoleOutput))
#34 /home/vagrant/code/miDentix/vendor/symfony/console/Application.php(149): Symfony\Component\Console\Application->doRun(Object(Symfony\Component\Console\Input\ArgvInput), Object(Symfony\Component\Console\Output\ConsoleOutput))
#35 /home/vagrant/code/miDentix/vendor/laravel/framework/src/Illuminate/Console/Application.php(90): Symfony\Component\Console\Application->run(Object(Symfony\Component\Console\Input\ArgvInput), Object(Symfony\Component\Console\Output\ConsoleOutput))
#36 /home/vagrant/code/miDentix/vendor/laravel/framework/src/Illuminate/Foundation/Console/Kernel.php(131): Illuminate\Console\Application->run(Object(Symfony\Component\Console\Input\ArgvInput), Object(Symfony\Component\Console\Output\ConsoleOutput))
#37 /home/vagrant/code/miDentix/artisan(37): Illuminate\Foundation\Console\Kernel->handle(Object(Symfony\Component\Console\Input\ArgvInput), Object(Symfony\Component\Console\Output\ConsoleOutput))
#38 {main}","2019-11-28 11:44:20"
