id,"name","description","type",mailing_id,language_id,country_id,state_id,county_id,clinic_id,base_af_file_id,"created_at","updated_at"
1,"Octavilla Aragón","Octavilla Aragón","Flyer",1,149,1,2,,,3032,"2019-10-09 10:02:08","2019-10-09 10:02:12"
2,"Octavilla Asturias","Octavilla Asturias","Flyer",1,149,1,3,,,3033,"2019-10-09 10:02:58","2019-10-09 10:03:01"
3,"Octavilla Cataluña","Octavilla Cataluña","Flyer",1,26,1,9,,,3034,"2019-10-09 10:03:24","2019-10-09 10:03:28"
4,"Octavilla Las Palmas","Octavilla Las Palmas","Flyer",1,149,1,,,,3035,"2019-10-09 10:04:01","2019-10-16 13:02:21"
5,"Octavilla Murcia","Octavilla Murcia","Flyer",1,149,1,14,,,3036,"2019-10-09 10:04:29","2019-10-09 10:04:32"
6,"Octavilla País Vasco","Octavilla País Vasco","Flyer",1,149,1,16,,,3037,"2019-10-09 10:06:29","2019-10-16 12:14:14"
7,"Octavilla Genérica","Octavilla Genérica","Flyer",1,149,1,,,,3038,"2019-10-09 10:06:54","2019-10-09 10:06:58"
8,"Octavilla Mieres","Octavilla Mieres","Flyer",1,149,1,,,235,3039,"2019-10-10 11:10:50","2019-10-10 11:10:54"
9,"Diptico Genérico","Diptico Genérico","Leaflet",1,149,1,,,,3040,"2019-10-10 11:12:14","2019-10-10 11:12:18"
