name,lastname1,lastname2,personal_id_number
AINHOA,SINTAS,MBRILLA,01178617M
CARMEN HEIDY,QUINTANA,FERNANDEZ,01675300A
ANA,ARRIBAS,DELGADO,01935036T
PEDRO,FALAGAN,SANCHEZ,02275217B
CRISTINA,ACEDO,PEDRO,02277206E
MARIA,SAINZ,PEREDA,02278996H
MARIA DEL PILAR,BENITA,A AMIGO,02285775N
ALEXANDRA,ESPEJO,JO RAYA,47759858J
NURIA,MASCARAQUE,DE LA TORRE,02656729E
RAQUEL,HERNANDEZ,DE CEPEDA,47806962J
GUSTAVO,RODRIGUEZ,GUEZ MUÑOZ,02666758T
ANA MARIA,PEREZ,GOMEZ,02670785W
ROCIO,BLANCH,ARTINEZ,02717325J
ESTHER,DELGADO,RABILERO,48332398Z
ANA ESTHER,RODRIGUEZ,UEZ POSADA,48355466J
CRISTINA,MARIN,N RASO,02905120J
PILAR,GOMEZ,EDONDO,48398917V
CARLOS,PASCUAL,L MARTIN,48405486P
MARIA,LARA,RIETO,48409862Z
MAGDALENA,PARRA,OLLADO,48451736M
DAVID,SANCHEZ,ERNANDEZ,48487727R
FLAVIO,GONZALEZ,ALEZ AMOR,03882657G
VICTOR,MEDINA,GALVEZ,48520150V
AMPARO,ALBALAT,NTENEGRO,03889508R
ANTONIO,CORTADELLAS,LAS DE MEDEM,48537123Q
FRANCISCO JAVIER,ORTUÑO,O PALAO,03899481S
M ANGELES,SANTAEUFEMIA,AEUFEMIA ANEL,03900560J
GUILLERMO,GARCIA,MARQUEZ,48575800F
JAVIER,CAMPO,GARCIA,48591820L
VICTOR,HERNANDEZ,HERNANDEZ,03906577G
LAURA,PEREZ,STEROS,48602714B
BIANCA,GALAN,EDESMA,48610991P
NATALIA,ZARCERO,PIZARRO,03928783S
LUCIA,BERNARDO,GONZALEZ,48641862J
SOFIA,JIMENEZ,SERRANO,48648767H
MARIA DEL CARMEN,IBAÑEZ,GARCIA,48652542K
LIDIA,BOCANEGRA,A ZAITEGUI,48965828R
NATALIA,OCHOA,A RUIZ,04622359A
MONICA,LUCAS,MARERO,48997170V
DIEGO,MURILLO,LO BASSA,04863954Y
MARIA LUISA,MARI,LEIRO,49028356S
LORENA,TORRES,ES ROJO,49052598S
JAVIER,MORENO,O BAEZA,50129623L
ELENA,BAKALI,CUELLO,50318863S
MARIA,HERRERO,O ARGOTE,50544718X
IRENE,RODRIGUEZ,UEZ ROMERO,50546043R
DIANA,LLAMAS,EDRANDA,50546990M
ELENA,ARAMBURO,RO DUARTE,50547449G
TATIANA,GARCIA,A AMADO,50548582X
MARIA HENAR,BELLIDO,LIDO RUZ,50745452T
RAQUEL,SANCHEZ,ACEVEDO,50749983T
ANDREA,RESTREPO,REPO DIAZ,50771791G
PABLO,MARRON,ON VIDA,50862867T
LAURA,ALVARADO,ADO BOTEV,50875651L
SILVIA,OLIVARES,ARES MOYA,50889613C
NATALIA,LARA,EPEDA,50897136E
IGNACIO,CAYETANO,O SANCHEZ,50902335T
SILVIA,GARCIA,MARCOS,50969338G
PATRICIA,BUSTILLO,HERNANDEZ,51077221V
JOHANNA,AVILA,LOPEZ,51229239M
SUSANA,BASTON,SANCHEZ,51447732K
ALEXANDRA,ORDOÑEZ,EZ RUBIO,51457539F
JUAN GABRIEL,PANTALEON,ON TENORIO,51458178W
ESTHER,GARCIA,ONZALEZ,47519065F
RAUL,DIAZ,REIRE,47631884B
DIMA,COREST,T OSSET,47798828K
MARIA,PULGAR,ORDOÑEZ,47833432X
POL,GOMEZ,ANZANO,47865697Y
VICTOR,FERNANDEZ,GUTIERREZ,47867076M
LIDIA,CURIEL,FUENTE,47973956G
ANDREA,OROZCO,ELORZA,48578929P
CRISTINA,CORTABERRIA,RRIA URBIETA,48644428A
PATRICIA,SEMINARIO,IO BECERRA,05304673E
MARIA ITALIA,ORTEGA,MOLINA,05318195C
LOURDES,SALAS,RAMOS,05318273Y
JORGE,CORDOBA,ILLESCAS,05676353E
BEATRIZ,LOPEZ,FEIJOO,07492234F
ROCIO,DEVESA,VAZQUEZ,07502214M
ELENA,MUÑOZ,GARCIA,07987397A
CRISTINA,SOLER,UITART,07996901P
ENRIQUE,RUIZ,RAMES,08866413M
VERONICA,VALLES,ES SANZ,08882269Z
BORJA ANGEL,ANGUIS,MARTIN,09425312G
MARIA DEL CAMINO,MARTINEZ,MONDEJAR,09795653E
CELIA,GONZALEZ,FERNANDEZ,10074403N
JESUS JULIO,PEREZ,RRADAN,11435918L
ANGEL VICT,GARCIA,RNICERO,11807722M
PABLO,GALLASTEGUI,ASTEGUI MIER,11861122E
JAVIER,RUZO,DILLO,11951709N
MARTIN OSV,TEJEDOR,OR GOMEZ,12510346W
GADEA,MORENO,O CASAS,13171574A
MONICA,GONZALEZ,EZ ALONSO,13788543C
CRISTINA,CRUZ,JORGE,14309723C
FRANCISCO JAVIER,SANZ,ABLOS,14635697S
LAURA,MORENO,MARTIN,15480337A
ELENA,DELGADO,DO RAMON,15483623T
RAQUEL,USTRELL,L BORRAS,15511440X
M PRESENT,VAZQUEZ,Z SEOANE,15842981Y
NIEVES,FERNANDEZ,NDEZ OBESO,16051208Z