id,"migration",batch
4312,"2014_10_12_000000_create_users_table",1
4313,"2014_10_12_100000_create_password_resets_table",1
4314,"2016_06_01_000001_create_oauth_auth_codes_table",1
4315,"2016_06_01_000002_create_oauth_access_tokens_table",1
4316,"2016_06_01_000003_create_oauth_refresh_tokens_table",1
4317,"2016_06_01_000004_create_oauth_clients_table",1
4318,"2016_06_01_000005_create_oauth_personal_access_clients_table",1
4319,"2017_10_27_204252_create_counties_table",1
4320,"2017_10_27_214433_create_states_table",1
4321,"2017_10_27_215035_create_municipios_table",1
4322,"2017_10_27_220337_create_countries_table",1
4323,"2017_10_27_221010_create_clinics_table",1
4324,"2017_11_15_113026_create_profiles_table",1
4325,"2018_01_27_203054_create_groups_table",1
4326,"2018_01_27_232801_create_cost_centers_table",1
4327,"2018_01_28_155748_create_group_user_table",1
4328,"2018_05_18_131322_create_stationaries_table",1
4329,"2018_05_18_230601_create_providers_table",1
4330,"2018_05_18_231115_create_orders_table",1
4331,"2018_05_19_123830_create_clinic_stationary_table",1
4332,"2018_05_20_224643_create_shopping_bags_table",1
4333,"2018_05_23_142503_create_product_providers_table",1
4334,"2018_08_14_150216_create_jobs_table",1
4335,"2018_08_14_150723_create_job_types_table",1
4336,"2019_01_15_172200_create_clinic_schedules_table",1
4337,"2019_01_15_172245_create_store_schedules_table",1
4338,"2019_01_15_172303_create_companies_table",1
4339,"2019_01_15_172315_create_stores_table",1
4340,"2019_01_16_143637_create_clinic_profiles_table",1
4341,"2019_01_17_115850_create_addresses_table",1
4342,"2019_01_17_124151_create_phones_table",1
4343,"2019_01_18_112827_create_languages_table",1
4344,"2019_01_22_111223_create_emails_table",1
4345,"2019_01_23_182559_create_store_profiles_table",1
4346,"2019_02_26_162730_create_campaigns_table",1
4347,"2019_02_26_163004_create_posters_table",1
4348,"2019_02_27_111615_create_poster_models_table",1
4349,"2019_02_27_113247_create_clinic_posters_table",1
4350,"2019_02_27_114303_create_campaign_poster_priorities_table",1
4351,"2019_02_27_123637_create_campaign_posters_table",1
4352,"2019_04_02_155618_create_clinic_poster_priorities_table",1
4353,"2019_05_06_175438_create_clinic_poster_distributions_table",1
4354,"2019_06_13_114047_create_sanitary_codes_table",1
4355,"2019_07_03_154307_create_files_table",1
4356,"2019_08_03_161143_create_clinic_poster_distribution_facades_table",1
4357,"2019_08_06_161729_create_clinic_campaign_facades_table",1
4358,"2019_08_28_164232_create_failed_jobs_table",1
4359,"2019_08_30_175123_create_menus_table",1
4360,"2019_08_30_175238_create_menu_items_table",1
4361,"2019_09_01_215332_create_menu_item_groups_table",1
4362,"2019_10_01_170013_create_mailings_table",1
4363,"2019_10_01_173045_create_mailing_designs_table",1
4364,"2019_10_02_094210_create_promotions_table",1
4365,"2019_10_02_170600_create_legals_table",1
4366,"2019_10_03_105328_create_mailing_design_promotion_table",1
4367,"2019_10_03_120856_create_clinic_mailings_table",1
4368,"2019_10_14_102558_create_products_table",1
4369,"2019_10_14_171620_create_services_table",1
4370,"2019_10_14_171744_create_service_providers_table",1
4371,"2019_10_15_173257_create_clinic_siblings_table",1
4372,"2019_10_16_125210_create_mailing_design_clinics_table",1
4373,"2019_10_17_112927_create_currencies_table",1
4374,"2019_10_17_131207_create_stands_table",1
4375,"2019_10_18_114757_create_claims_table",1
4376,"2019_10_18_122019_create_mailing_design_claims_table",1
