"id",user_id,client_id,"name","scopes",revoked,"created_at","updated_at","expires_at"
"07a7407accea1abc226c94dbb1959e965f8ddb1d2bb4711fd6ac0877a5adc5aaf4b9e86f4614c354",1,1,"jgvillalba@dentix.es-token","[]",0,"2019-11-26 16:34:45","2019-11-26 16:34:45","2020-11-26 16:34:45"
"324d6234382fe2377f044c05da05c7032f0cb94a634998508d6a20466ccf411106f80be2edd0a76f",3,1,"acruz@dentix.es-token","[]",0,"2019-11-26 14:24:44","2019-11-26 14:24:44","2020-11-26 14:24:44"
"453d58835e938501126d787583daceb1de5609a5f4ba2f7f1c4adea09afe4e9fdbe8dd3352560f9e",1,1,"jgvillalba@dentix.es-token","[]",0,"2019-11-26 14:27:36","2019-11-26 14:27:36","2020-11-26 14:27:36"
"58885db842bdf3576d484d593ebd975bee7764394ab86e6ed195715b5c8c7ed28a38ed8fedb4a077",1,1,"jgvillalba@dentix.es-token","[]",0,"2019-11-26 13:09:24","2019-11-26 13:09:24","2020-11-26 13:09:24"
"6924c3775317c845fcbcec5e82cb3e169479540f27376d5cc85ccc2abf56701c21950fcfb21516ed",1,1,"jgvillalba@dentix.es-token","[]",0,"2019-12-16 13:08:01","2019-12-16 13:08:01","2020-12-16 13:08:01"
"8a800c4161edbfb58bc9880f380c78a668565e5bb664e337927034c8f91bcbea2fcff4cd56fa8cce",3,1,"acruz@dentix.es-token","[]",0,"2019-11-26 14:26:06","2019-11-26 14:26:06","2020-11-26 14:26:06"
"8bc32b9dddb0d4f1a65ef6ec37472065187339f93a02ff00d62ea0ae8cb9204cd2ed9c4b563017db",1,1,"jgvillalba@dentix.es-token","[]",0,"2019-12-16 13:08:58","2019-12-16 13:08:58","2020-12-16 13:08:58"
"e526ce893be839cc700365c7a73012ac78efd9cc9e7d0be4cfedfdce4d91bef1bd8e261934b81a53",3,1,"acruz@dentix.es-token","[]",0,"2019-11-26 14:21:55","2019-11-26 14:21:55","2020-11-26 14:21:55"
"f0dff898be7187699e0ae8391f08e8a87abf95374888de98aa724a61024349a76f625bfb93281cd6",3,1,"acruz@dentix.es-token","[]",0,"2019-11-26 14:25:01","2019-11-26 14:25:01","2020-11-26 14:25:01"
