"id",user_id,client_id,"name","scopes",revoked,"created_at","updated_at","expires_at"
"8784c9761a2e997d7fe9e4bc1706e28af632b6b7cb28e1d9813d94cd8f6025fdd404fb9be646f4fd",2,1,"dhernandez@dentix.es-token","[]",0,"2019-09-11 13:11:59","2019-09-11 13:11:59","2020-09-11 13:11:59"
"ad4a46951fd5d7f48cb6021d997c22ee7b6c8d97021b84b2fca4aeab5f7fcd8f6438fd32756c0bff",2,1,"dhernandez@dentix.es-token","[]",0,"2019-09-11 13:15:41","2019-09-11 13:15:41","2020-09-11 13:15:41"
"b2f40c957012aa724be2131c5f1eadfbbc5ddcfa16bb5a08e14e697e5209dcacde4559b225d2166b",2,1,"dhernandez@dentix.es-token","[]",0,"2019-09-11 10:13:23","2019-09-11 10:13:23","2020-09-11 10:13:23"
"bad84e45dca88c9412421cf257b1a2de97baa05b5ea8e1a803a0141947847d12b9cc1d670e34d589",2,1,"dhernandez@dentix.es-token","[]",0,"2019-09-11 09:42:24","2019-09-11 09:42:24","2020-09-11 09:42:24"
"c9c736d38931a36dc5ffb68b94589b92d2373f72dc0d8bccb7fe4265a3cc69b097ef3076c7eda300",2,1,"dhernandez@dentix.es-token","[]",0,"2019-09-11 13:15:03","2019-09-11 13:15:03","2020-09-11 13:15:03"
"ca124aa11b5a6b48c676afdd34707aa4e86b84f93c52607eabc801da331c7547a0b06a8b97d39c85",5,1,"info.rubi@dentix.es-token","[]",0,"2019-09-11 10:13:09","2019-09-11 10:13:09","2020-09-11 10:13:09"
"e6f3bd557fe9bf138ec64be812089917f29da65c27901df12a1514329fd52bba419c466a371565c1",1,1,"jgvillalba@dentix.es-token","[]",0,"2019-09-10 16:45:20","2019-09-10 16:45:20","2020-09-10 16:45:20"
"e930ac620776cdc257b2e7b1b3fbea0c9a8751b3aaab9c2387dba3c3d3b8fcfad5b2906f43f25345",2,1,"dhernandez@dentix.es-token","[]",0,"2019-09-11 13:13:59","2019-09-11 13:13:59","2020-09-11 13:13:59"
"ffe25de6c7ef131944f152afd1b1f666b4f1f3f51095ea5b1f1a4c2e6c75ea5278d2c143192cd94f",2,1,"dhernandez@dentix.es-token","[]",0,"2019-09-11 13:16:04","2019-09-11 13:16:04","2020-09-11 13:16:04"
