id,"name","description","category",parent_id,"deleted_at","created_at","updated_at"
1,"A4_Dentix_Paper","Hoja A4 Corporativa","Stationary",,,"2019-10-14 11:56:54","2019-10-14 11:56:54"
2,"A5_Dentix_Recepi","Recetario A5","Stationary",,,"2019-10-14 11:58:23","2019-10-14 11:58:23"
3,"225x115_Envelope","Sobre Americano 225x115","Stationary",,,"2019-10-14 12:03:27","2019-10-14 12:03:27"
4,"C4_Envelope","Sobre Bolsa (C4) 324x229","Stationary",,,"2019-10-14 12:05:43","2019-10-14 12:05:43"
5,"mailing_flyer","Octavilla Buzoneo","Mailing",,,"2019-10-24 18:02:44","2019-10-24 18:02:44"
6,"mailing_leaflet","Díptico Buzoneo","Mailing",,,"2019-10-24 18:14:20","2019-10-24 18:14:20"
