id,user_id,"name","description","legal_name","CNAE","CIF","created_at","updated_at"
1,,"Ges Artes","Proveedor Papelería Corporativa España","Ges 2000 Artes Graficas SL","1812","B87204483","2019-10-14 12:16:44","2019-10-14 12:16:44"
2,,"REPAPUBLI","Distribuidor Buzoneo España","REPAPUBLI SL","5320","B87282505","2019-10-14 16:56:56","2019-10-14 16:56:56"
3,,"BLAVICE","Distribuidor Buzoneo España","BLAVICE SERVICES SL","5320","B70439005","2019-10-14 16:58:26","2019-10-14 16:58:26"
4,,"DISTPUBLIC","Distribuidor Buzoneo España","DISTPUBLIC SERVICIOS DE PUBLICIDAD SL","7490","B60988078","2019-10-14 16:59:39","2019-10-14 16:59:39"
5,,"RIVADENEYRA","Proveedor Octavillas y Dípticos","SUCESORES DE RIVADENEYRA SA","1812","A28013894","2019-10-24 17:57:51","2019-10-24 17:57:51"
6,,"Gráficas San José","Papelería Canarias - España","LITOGRAFIA SAN JOSE SL","1812","B35958586","2020-02-07 13:55:52","2020-02-07 13:55:52"
7,11,"Recepción Dentix","Pedidos enviados desde central",,,"XXXXXXXXXXXXXX","2020-02-07 15:22:56","2020-02-07 15:24:43"
8,4,"Blanca Barragán","Recepción pedidos WelcomePack",,,"XXXXXXXXXXXX","2020-02-07 15:30:25","2020-02-07 15:30:25"
9,12,"Rótulos Identidad","Proveedor Cuadro Médico España","ROTULOS FRANCO IDENTIDAD VISUAL SL","731","B73688467","2020-02-07 15:44:05","2020-02-07 15:45:40"
