id,"name","password","remember_token","last_access","created_at","updated_at"
1,"jgvillalba@dentix.es","$2y$10$O5tzxwP9PtDOZwJMevWtHOb31nn8iAf8iO.Pdb7fK5r3G2yjNdFv6","PB8x1sUQsQ",,"2019-01-22 12:51:10","2019-10-24 17:51:18"
2,"dhernandez@dentix.es","$2y$10$fzlwN2BjvxBFfMQ8.sjmj.ecUp4SkvdfzDNIOlUtauDD3MbVZgClS","MJhGLr88B0",,"2019-01-22 12:51:10","2019-10-24 17:51:18"
3,"acruz@dentix.es","$2y$10$zTvAZbPMD/3dEyxMefvcv.Ap6QUgC6DXT7fSg14gJhAtkqctPFcTC","URnOZyRqEe",,"2019-01-22 12:51:10","2019-10-24 17:51:18"
4,"bbarragan@dentix.es","$2y$10$8ajDi1HVkGJ0GJ7V73Fnpeqhw58cHdPvp0z8d9RsoRgVnGpQgh4GO","mMzBTsMrew","2019-01-22 12:51:10","2019-01-22 12:51:10","2019-10-24 17:51:18"
5,"info.rubi@dentix.es","$2y$10$Q150LOttAG/TUQb8b8ihNe2ZXk8nciaVmEXVlTSzddWUG8FcCIf9y","4ppqHLn0bW",,"2019-01-22 12:51:12","2019-10-24 17:51:18"
6,"info.coruna@dentix.es","$2y$10$2iU9t7p6N//Vyz1S4Dc8ke4khJbcRMqVAdc.6a7mjb0idyCY3yAAi","Xv8hQt0zY8",,"2019-01-22 12:51:12","2019-10-24 17:51:18"
7,"info.albacete@dentix.es","$2y$10$u2lkeRkwCkwqT60Uio68JO2PzHG7AIewBkei4I7/uhx7raM1WDC/W","HCLwV9LqAq",,"2019-01-22 12:51:12","2019-10-24 17:51:18"
8,"info.albufera@dentix.es","$2y$10$84W/SWVcYgeB9buMJWqwaOv2jIgbogbqzeP50XR/iWPPPOU2eLWc6","zPPytuHttK",,"2019-01-22 12:51:12","2019-10-24 17:51:18"
9,"info.alcala385@dentix.es","$2y$10$zxl.9C8A1WeLYQssDFYldOzfZSKgaJ1nylAt0wvN2xXnbrK7fu.om","j6Ws0h66wC",,"2019-01-22 12:51:13","2019-10-24 17:51:18"
10,"info.alcala386@dentix.es","$2y$10$QuLwwsaWSPzWTsaJz0eGL.yzcjca90Tz8hMHg4SOUdFWetV9vK.J6","n96u2fZjXb",,"2019-01-22 12:51:13","2019-10-24 17:51:18"
