id,"name","password","remember_token","last_access","created_at","updated_at"
1,"jgvillalba@dentix.es","$2y$10$0iACRoiijf4iXe4zc/BOPuY0dLchkH490vRDnRQdIdpCP9gAouW2O","PB8x1sUQsQ",,"2019-01-22 12:51:10","2020-02-06 17:42:18"
2,"dhernandez@dentix.es","$2y$10$6hxrEfsoQhDm3./EAr1A/.NYENwf13quojmSWD8C4H4I1GzDXDMEa","MJhGLr88B0",,"2019-01-22 12:51:10","2020-02-06 17:42:18"
3,"acruz@dentix.es","$2y$10$z8QunV1RYUDJhMHFchYgzue7N8Xkq9YcjP7TpTFXL7lt4EJzANoR.","URnOZyRqEe",,"2019-01-22 12:51:10","2020-02-06 17:42:18"
4,"bbarragan@dentix.es","$2y$10$aLOZJAe675YENaby0wNypuam/Uzk7LxnNOpr4VUm9FawsR/obzXZe","mMzBTsMrew","2019-01-22 12:51:10","2019-01-22 12:51:10","2020-02-06 17:42:18"
5,"info.rubi@dentix.es","$2y$10$TqWLpgTkT5jPx9oYqQcNseLAvDaBz6rviyOTsrWYaI4CutpUMymvy","4ppqHLn0bW",,"2019-01-22 12:51:12","2020-02-06 17:42:18"
6,"info.coruna@dentix.es","$2y$10$347jkpO904XETaJ1CuiH1eIbqwE9NCoHj9EXmviiAMxS5E/MLNtfm","Xv8hQt0zY8",,"2019-01-22 12:51:12","2020-02-06 17:42:18"
7,"info.albacete@dentix.es","$2y$10$qRoeeLFH2k0qKd3s5YR51.fE2BS8A8D5YeM9eClj2uA8TafklJ/ci","HCLwV9LqAq",,"2019-01-22 12:51:12","2020-02-06 17:42:18"
8,"info.albufera@dentix.es","$2y$10$Rr5fnHtf2PBcoVnVW3fAiuXTWP1L6hwwD8kNGVOYdKJTN1L2lgJOe","zPPytuHttK",,"2019-01-22 12:51:12","2020-02-06 17:42:18"
9,"info.alcala385@dentix.es","$2y$10$rFLwuqZsQgd3HYlTSo3jLOkl.WmoxBmu/fdSQPWiK2GjgyFdta1Ly","j6Ws0h66wC",,"2019-01-22 12:51:13","2020-02-06 17:42:18"
10,"info.alcala386@dentix.es","$2y$10$wMrtj32OREjFA8MDsKMVq.PE8JUAlOX9aiC9yvNZK/5WVPj.kD.Fy","n96u2fZjXb",,"2019-01-22 12:51:13","2020-02-06 17:42:18"
