id,clinic_id,campaign_id,facades_file_id,"created_at","updated_at"
1,1,16,2302,"2019-08-29 12:47:09","2019-08-29 12:47:09"
2,231,16,2305,"2019-08-29 12:47:17","2019-08-29 12:47:17"
3,3,16,2308,"2019-08-29 12:47:26","2019-08-29 12:47:26"
4,5,16,2311,"2019-08-29 12:47:35","2019-08-29 12:47:35"
5,6,16,2314,"2019-08-29 12:47:42","2019-08-29 12:47:42"
6,7,16,2317,"2019-08-29 12:47:50","2019-08-29 12:47:50"
7,8,16,2320,"2019-08-29 12:47:56","2019-08-29 12:47:56"
8,9,16,2323,"2019-08-29 12:48:02","2019-08-29 12:48:02"
9,11,16,2326,"2019-08-29 12:48:10","2019-08-29 12:48:10"
10,12,16,2328,"2019-08-29 12:48:14","2019-08-29 12:48:14"
11,228,16,2331,"2019-08-29 12:48:21","2019-08-29 12:48:21"
12,13,16,2334,"2019-08-29 12:48:27","2019-08-29 12:48:27"
13,14,16,2337,"2019-08-29 12:48:36","2019-08-29 12:48:36"
14,15,16,2340,"2019-08-29 12:48:43","2019-08-29 12:48:43"
15,232,16,2343,"2019-08-29 12:48:51","2019-08-29 12:48:51"
16,16,16,2346,"2019-08-29 12:48:58","2019-08-29 12:48:58"
17,17,16,2349,"2019-08-29 12:49:07","2019-08-29 12:49:07"
18,18,16,2351,"2019-08-29 12:49:12","2019-08-29 12:49:12"
19,223,16,2353,"2019-08-29 12:49:18","2019-08-29 12:49:18"
20,21,16,2355,"2019-08-29 12:49:23","2019-08-29 12:49:23"
21,22,16,2358,"2019-08-29 12:49:30","2019-08-29 12:49:30"
22,23,16,2360,"2019-08-29 12:49:34","2019-08-29 12:49:34"
23,24,16,2363,"2019-08-29 12:49:39","2019-08-29 12:49:39"
24,25,16,2366,"2019-08-29 12:49:45","2019-08-29 12:49:45"
25,26,16,2369,"2019-08-29 12:49:51","2019-08-29 12:49:51"
26,27,16,2371,"2019-08-29 12:49:55","2019-08-29 12:49:55"
27,28,16,2373,"2019-08-29 12:50:00","2019-08-29 12:50:00"
28,29,16,2376,"2019-08-29 12:50:08","2019-08-29 12:50:08"
29,217,16,2379,"2019-08-29 12:50:16","2019-08-29 12:50:16"
30,30,16,2382,"2019-08-29 12:50:23","2019-08-29 12:50:23"
31,31,16,2384,"2019-08-29 12:50:29","2019-08-29 12:50:29"
32,229,16,2387,"2019-08-29 12:50:35","2019-08-29 12:50:35"
33,33,16,2390,"2019-08-29 12:50:41","2019-08-29 12:50:41"
34,34,16,2392,"2019-08-29 12:50:46","2019-08-29 12:50:46"
35,211,16,2395,"2019-08-29 12:50:52","2019-08-29 12:50:52"
36,35,16,2398,"2019-08-29 12:50:57","2019-08-29 12:50:57"
37,36,16,2401,"2019-08-29 12:51:02","2019-08-29 12:51:02"
38,37,16,2403,"2019-08-29 12:51:06","2019-08-29 12:51:06"
39,38,16,2406,"2019-08-29 12:51:12","2019-08-29 12:51:12"
40,39,16,2409,"2019-08-29 12:51:18","2019-08-29 12:51:18"
41,40,16,2412,"2019-08-29 12:51:25","2019-08-29 12:51:25"
42,210,16,2415,"2019-08-29 12:51:31","2019-08-29 12:51:31"
43,213,16,2418,"2019-08-29 12:51:36","2019-08-29 12:51:36"
44,41,16,2421,"2019-08-29 12:51:42","2019-08-29 12:51:42"
45,42,16,2423,"2019-08-29 12:51:46","2019-08-29 12:51:46"
46,43,16,2426,"2019-08-29 12:51:54","2019-08-29 12:51:54"
47,44,16,2429,"2019-08-29 12:51:59","2019-08-29 12:51:59"
48,45,16,2431,"2019-08-29 12:52:03","2019-08-29 12:52:03"
49,46,16,2433,"2019-08-29 12:52:09","2019-08-29 12:52:09"
50,47,16,2435,"2019-08-29 12:52:13","2019-08-29 12:52:13"
51,48,16,2438,"2019-08-29 12:52:20","2019-08-29 12:52:20"
52,218,16,2440,"2019-08-29 12:52:23","2019-08-29 12:52:23"
53,49,16,2443,"2019-08-29 12:52:30","2019-08-29 12:52:30"
54,50,16,2445,"2019-08-29 12:52:35","2019-08-29 12:52:35"
55,230,16,2448,"2019-08-29 12:52:41","2019-08-29 12:52:41"
56,219,16,2450,"2019-08-29 12:52:45","2019-08-29 12:52:45"
57,51,16,2453,"2019-08-29 12:52:51","2019-08-29 12:52:51"
58,52,16,2456,"2019-08-29 12:52:56","2019-08-29 12:52:56"
59,53,16,2460,"2019-08-29 12:53:04","2019-08-29 12:53:04"
60,215,16,2462,"2019-08-29 12:53:07","2019-08-29 12:53:07"
61,54,16,2465,"2019-08-29 12:53:15","2019-08-29 12:53:15"
62,55,16,2467,"2019-08-29 12:53:19","2019-08-29 12:53:19"
63,56,16,2469,"2019-08-29 12:53:24","2019-08-29 12:53:24"
64,57,16,2472,"2019-08-29 12:53:32","2019-08-29 12:53:32"
65,58,16,2475,"2019-08-29 12:53:36","2019-08-29 12:53:36"
66,59,16,2477,"2019-08-29 12:53:41","2019-08-29 12:53:41"
67,60,16,2480,"2019-08-29 12:53:47","2019-08-29 12:53:47"
68,61,16,2484,"2019-08-29 12:53:55","2019-08-29 12:53:55"
69,62,16,2488,"2019-08-29 12:54:04","2019-08-29 12:54:04"
70,63,16,2491,"2019-08-29 12:54:11","2019-08-29 12:54:11"
71,64,16,2493,"2019-08-29 12:54:14","2019-08-29 12:54:14"
72,66,16,2496,"2019-08-29 12:54:22","2019-08-29 12:54:22"
74,69,16,2502,"2019-08-29 12:54:34","2019-08-29 12:54:34"
75,70,16,2505,"2019-08-29 12:54:38","2019-08-29 12:54:38"
76,71,16,2507,"2019-08-29 12:54:42","2019-08-29 12:54:42"
77,72,16,2510,"2019-08-29 12:54:47","2019-08-29 12:54:47"
78,73,16,2512,"2019-08-29 12:54:50","2019-08-29 12:54:50"
79,74,16,2515,"2019-08-29 12:54:56","2019-08-29 12:54:56"
80,75,16,2517,"2019-08-29 12:55:00","2019-08-29 12:55:00"
81,76,16,2519,"2019-08-29 12:55:03","2019-08-29 12:55:03"
82,77,16,2522,"2019-08-29 12:55:10","2019-08-29 12:55:10"
83,78,16,2525,"2019-08-29 12:55:16","2019-08-29 12:55:16"
84,225,16,2527,"2019-08-29 12:55:19","2019-08-29 12:55:19"
85,79,16,2530,"2019-08-29 12:55:26","2019-08-29 12:55:26"
86,80,16,2532,"2019-08-29 12:55:30","2019-08-29 12:55:30"
87,81,16,2534,"2019-08-29 12:55:35","2019-08-29 12:55:35"
88,82,16,2536,"2019-08-29 12:55:40","2019-08-29 12:55:40"
89,83,16,2539,"2019-08-29 12:55:45","2019-08-29 12:55:45"
90,84,16,2542,"2019-08-29 12:55:50","2019-08-29 12:55:50"
91,85,16,2545,"2019-08-29 12:55:55","2019-08-29 12:55:55"
92,86,16,2548,"2019-08-29 12:56:01","2019-08-29 12:56:01"
93,88,16,2550,"2019-08-29 12:56:05","2019-08-29 12:56:05"
94,89,16,2552,"2019-08-29 12:56:10","2019-08-29 12:56:10"
95,212,16,2554,"2019-08-29 12:56:14","2019-08-29 12:56:14"
96,90,16,2557,"2019-08-29 12:56:21","2019-08-29 12:56:21"
97,91,16,2560,"2019-08-29 12:56:27","2019-08-29 12:56:27"
98,92,16,2563,"2019-08-29 12:56:33","2019-08-29 12:56:33"
99,93,16,2565,"2019-08-29 12:56:37","2019-08-29 12:56:37"
100,94,16,2568,"2019-08-29 12:56:44","2019-08-29 12:56:44"
101,95,16,2570,"2019-08-29 12:56:48","2019-08-29 12:56:48"
102,96,16,2573,"2019-08-29 12:56:54","2019-08-29 12:56:54"
103,97,16,2576,"2019-08-29 12:56:58","2019-08-29 12:56:58"
104,98,16,2579,"2019-08-29 12:57:04","2019-08-29 12:57:04"
105,100,16,2582,"2019-08-29 12:57:08","2019-08-29 12:57:08"
106,101,16,2585,"2019-08-29 12:57:15","2019-08-29 12:57:15"
107,102,16,2587,"2019-08-29 12:57:20","2019-08-29 12:57:20"
108,103,16,2589,"2019-08-29 12:57:24","2019-08-29 12:57:24"
109,104,16,2591,"2019-08-29 12:57:28","2019-08-29 12:57:28"
110,105,16,2593,"2019-08-29 12:57:32","2019-08-29 12:57:32"
111,106,16,2596,"2019-08-29 12:57:37","2019-08-29 12:57:37"
112,107,16,2598,"2019-08-29 12:57:41","2019-08-29 12:57:41"
113,109,16,2600,"2019-08-29 12:57:45","2019-08-29 12:57:45"
114,111,16,2603,"2019-08-29 12:57:50","2019-08-29 12:57:50"
115,112,16,2606,"2019-08-29 12:57:56","2019-08-29 12:57:56"
116,113,16,2609,"2019-08-29 12:58:01","2019-08-29 12:58:01"
117,115,16,2611,"2019-08-29 12:58:06","2019-08-29 12:58:06"
118,116,16,2613,"2019-08-29 12:58:10","2019-08-29 12:58:10"
119,208,16,2615,"2019-08-29 12:58:14","2019-08-29 12:58:14"
120,209,16,2618,"2019-08-29 12:58:19","2019-08-29 12:58:19"
121,221,16,2621,"2019-08-29 12:58:25","2019-08-29 12:58:25"
122,224,16,2624,"2019-08-29 12:58:31","2019-08-29 12:58:31"
123,118,16,2627,"2019-08-29 12:58:37","2019-08-29 12:58:37"
124,119,16,2630,"2019-08-29 12:58:41","2019-08-29 12:58:41"
125,120,16,2633,"2019-08-29 12:58:47","2019-08-29 12:58:47"
126,121,16,2636,"2019-08-29 12:58:52","2019-08-29 12:58:52"
127,122,16,2638,"2019-08-29 12:58:56","2019-08-29 12:58:56"
128,124,16,2641,"2019-08-29 12:59:04","2019-08-29 12:59:04"
129,125,16,2644,"2019-08-29 12:59:09","2019-08-29 12:59:09"
130,126,16,2647,"2019-08-29 12:59:16","2019-08-29 12:59:16"
131,127,16,2649,"2019-08-29 12:59:19","2019-08-29 12:59:19"
132,128,16,2651,"2019-08-29 12:59:24","2019-08-29 12:59:24"
133,214,16,2654,"2019-08-29 12:59:32","2019-08-29 12:59:32"
134,129,16,2657,"2019-08-29 12:59:39","2019-08-29 12:59:39"
135,130,16,2659,"2019-08-29 12:59:42","2019-08-29 12:59:42"
136,131,16,2662,"2019-08-29 12:59:49","2019-08-29 12:59:49"
137,132,16,2665,"2019-08-29 12:59:56","2019-08-29 12:59:56"
138,133,16,2668,"2019-08-29 13:00:02","2019-08-29 13:00:02"
139,134,16,2671,"2019-08-29 13:00:08","2019-08-29 13:00:08"
140,222,16,2674,"2019-08-29 13:00:13","2019-08-29 13:00:13"
141,135,16,2677,"2019-08-29 13:00:19","2019-08-29 13:00:19"
142,136,16,2680,"2019-08-29 13:00:25","2019-08-29 13:00:25"
143,137,16,2682,"2019-08-29 13:00:30","2019-08-29 13:00:30"
144,138,16,2685,"2019-08-29 13:00:36","2019-08-29 13:00:36"
145,139,16,2688,"2019-08-29 13:00:41","2019-08-29 13:00:41"
146,140,16,2690,"2019-08-29 13:00:45","2019-08-29 13:00:45"
147,141,16,2693,"2019-08-29 13:00:50","2019-08-29 13:00:50"
148,142,16,2696,"2019-08-29 13:00:56","2019-08-29 13:00:56"
149,143,16,2698,"2019-08-29 13:01:00","2019-08-29 13:01:00"
150,144,16,2700,"2019-08-29 13:01:05","2019-08-29 13:01:05"
151,145,16,2703,"2019-08-29 13:01:11","2019-08-29 13:01:11"
152,146,16,2705,"2019-08-29 13:01:16","2019-08-29 13:01:16"
153,147,16,2709,"2019-08-29 13:01:24","2019-08-29 13:01:24"
154,148,16,2712,"2019-08-29 13:01:32","2019-08-29 13:01:32"
155,149,16,2715,"2019-08-29 13:01:40","2019-08-29 13:01:40"
156,150,16,2718,"2019-08-29 13:01:45","2019-08-29 13:01:45"
157,151,16,2720,"2019-08-29 13:01:51","2019-08-29 13:01:51"
158,152,16,2722,"2019-08-29 13:01:54","2019-08-29 13:01:54"
159,153,16,2725,"2019-08-29 13:02:01","2019-08-29 13:02:01"
160,154,16,2728,"2019-08-29 13:02:06","2019-08-29 13:02:06"
161,155,16,2731,"2019-08-29 13:02:13","2019-08-29 13:02:13"
162,156,16,2734,"2019-08-29 13:02:18","2019-08-29 13:02:18"
163,157,16,2737,"2019-08-29 13:02:25","2019-08-29 13:02:25"
164,158,16,2741,"2019-08-29 13:02:32","2019-08-29 13:02:32"
165,159,16,2744,"2019-08-29 13:02:38","2019-08-29 13:02:38"
166,160,16,2748,"2019-08-29 13:02:44","2019-08-29 13:02:44"
167,161,16,2751,"2019-08-29 13:02:50","2019-08-29 13:02:50"
168,162,16,2754,"2019-08-29 13:02:58","2019-08-29 13:02:58"
169,163,16,2757,"2019-08-29 13:03:05","2019-08-29 13:03:05"
170,227,16,2760,"2019-08-29 13:03:12","2019-08-29 13:03:12"
171,164,16,2763,"2019-08-29 13:03:17","2019-08-29 13:03:17"
172,165,16,2765,"2019-08-29 13:03:21","2019-08-29 13:03:21"
174,167,16,2772,"2019-08-29 13:03:34","2019-08-29 13:03:34"
175,168,16,2775,"2019-08-29 13:03:41","2019-08-29 13:03:41"
176,169,16,2777,"2019-08-29 13:03:45","2019-08-29 13:03:45"
177,170,16,2780,"2019-08-29 13:03:50","2019-08-29 13:03:50"
178,171,16,2783,"2019-08-29 13:03:55","2019-08-29 13:03:55"
179,172,16,2786,"2019-08-29 13:04:01","2019-08-29 13:04:01"
180,173,16,2789,"2019-08-29 13:04:06","2019-08-29 13:04:06"
181,174,16,2792,"2019-08-29 13:04:13","2019-08-29 13:04:13"
182,175,16,2795,"2019-08-29 13:04:17","2019-08-29 13:04:17"
183,176,16,2798,"2019-08-29 13:04:24","2019-08-29 13:04:24"
184,177,16,2801,"2019-08-29 13:04:29","2019-08-29 13:04:29"
185,178,16,2805,"2019-08-29 13:04:37","2019-08-29 13:04:37"
186,216,16,2808,"2019-08-29 13:04:43","2019-08-29 13:04:43"
187,179,16,2811,"2019-08-29 13:04:49","2019-08-29 13:04:49"
188,180,16,2813,"2019-08-29 13:04:53","2019-08-29 13:04:53"
189,181,16,2816,"2019-08-29 13:05:00","2019-08-29 13:05:00"
190,182,16,2819,"2019-08-29 13:05:06","2019-08-29 13:05:06"
191,183,16,2822,"2019-08-29 13:05:12","2019-08-29 13:05:12"
192,184,16,2825,"2019-08-29 13:05:18","2019-08-29 13:05:18"
193,185,16,2828,"2019-08-29 13:05:26","2019-08-29 13:05:26"
194,186,16,2831,"2019-08-29 13:05:32","2019-08-29 13:05:32"
195,187,16,2833,"2019-08-29 13:05:36","2019-08-29 13:05:36"
196,188,16,2836,"2019-08-29 13:05:44","2019-08-29 13:05:44"
197,189,16,2838,"2019-08-29 13:05:47","2019-08-29 13:05:47"
198,190,16,2841,"2019-08-29 13:05:53","2019-08-29 13:05:53"
199,191,16,2843,"2019-08-29 13:05:56","2019-08-29 13:05:56"
200,192,16,2846,"2019-08-29 13:06:02","2019-08-29 13:06:02"
201,193,16,2848,"2019-08-29 13:06:06","2019-08-29 13:06:06"
202,194,16,2851,"2019-08-29 13:06:14","2019-08-29 13:06:14"
203,195,16,2855,"2019-08-29 13:06:25","2019-08-29 13:06:25"
204,196,16,2858,"2019-08-29 13:06:30","2019-08-29 13:06:30"
205,197,16,2861,"2019-08-29 13:06:35","2019-08-29 13:06:35"
206,226,16,2864,"2019-08-29 13:06:40","2019-08-29 13:06:40"
207,198,16,2867,"2019-08-29 13:06:45","2019-08-29 13:06:45"
208,199,16,2870,"2019-08-29 13:06:53","2019-08-29 13:06:53"
209,200,16,2873,"2019-08-29 13:06:58","2019-08-29 13:06:58"
210,201,16,2876,"2019-08-29 13:07:03","2019-08-29 13:07:03"
211,202,16,2879,"2019-08-29 13:07:09","2019-08-29 13:07:09"
212,203,16,2882,"2019-08-29 13:07:15","2019-08-29 13:07:15"
213,204,16,2884,"2019-08-29 13:07:20","2019-08-29 13:07:20"
214,205,16,2887,"2019-08-29 13:07:25","2019-08-29 13:07:25"
215,207,16,2890,"2019-08-29 13:07:30","2019-08-29 13:07:30"
216,166,16,2895,"2019-08-30 13:53:41","2019-08-30 13:53:41"
219,235,16,2916,"2019-09-05 09:45:18","2019-09-05 09:45:18"
220,234,16,2927,"2019-09-05 10:50:26","2019-09-05 10:50:26"
221,233,16,2932,"2019-09-05 11:01:38","2019-09-05 11:01:38"
222,67,16,3028,"2019-10-01 13:41:21","2019-10-01 13:41:21"
239,3,17,3215,"2019-11-08 12:02:45","2019-11-08 12:02:45"
240,5,17,3218,"2019-11-08 12:02:53","2019-11-08 12:02:53"
241,6,17,3221,"2019-11-08 12:03:00","2019-11-08 12:03:00"
242,7,17,3224,"2019-11-08 12:03:07","2019-11-08 12:03:07"
243,8,17,3227,"2019-11-08 12:03:14","2019-11-08 12:03:14"
244,9,17,3232,"2019-11-08 12:03:21","2019-11-08 12:03:21"
245,11,17,3237,"2019-11-08 12:03:28","2019-11-08 12:03:28"
246,12,17,3239,"2019-11-08 12:03:33","2019-11-08 12:03:33"
247,13,17,3242,"2019-11-08 12:03:40","2019-11-08 12:03:40"
248,14,17,3245,"2019-11-08 12:03:47","2019-11-08 12:03:47"
249,15,17,3248,"2019-11-08 12:03:54","2019-11-08 12:03:54"
250,16,17,3253,"2019-11-08 12:04:01","2019-11-08 12:04:01"
251,17,17,3256,"2019-11-08 12:04:08","2019-11-08 12:04:08"
252,18,17,3258,"2019-11-08 12:04:13","2019-11-08 12:04:13"
253,21,17,3260,"2019-11-08 12:04:16","2019-11-08 12:04:16"
254,22,17,3263,"2019-11-08 12:04:23","2019-11-08 12:04:23"
255,23,17,3265,"2019-11-08 12:04:27","2019-11-08 12:04:27"
256,24,17,3268,"2019-11-08 12:04:32","2019-11-08 12:04:32"
257,25,17,3271,"2019-11-08 12:04:38","2019-11-08 12:04:38"
258,26,17,3274,"2019-11-08 12:04:43","2019-11-08 12:04:43"
259,27,17,3276,"2019-11-08 12:04:48","2019-11-08 12:04:48"
260,28,17,3279,"2019-11-08 12:04:53","2019-11-08 12:04:53"
261,29,17,3282,"2019-11-08 12:05:00","2019-11-08 12:05:00"
262,30,17,3285,"2019-11-08 12:05:07","2019-11-08 12:05:07"
263,31,17,3288,"2019-11-08 12:05:13","2019-11-08 12:05:13"
264,33,17,3291,"2019-11-08 12:05:21","2019-11-08 12:05:21"
265,34,17,3293,"2019-11-08 12:05:25","2019-11-08 12:05:25"
266,35,17,3296,"2019-11-08 12:05:33","2019-11-08 12:05:33"
267,36,17,3299,"2019-11-08 12:05:38","2019-11-08 12:05:38"
268,37,17,3302,"2019-11-08 12:05:44","2019-11-08 12:05:44"
269,39,17,3308,"2019-11-08 12:06:00","2019-11-08 12:06:00"
270,40,17,3311,"2019-11-08 12:06:08","2019-11-08 12:06:08"
271,41,17,3314,"2019-11-08 12:06:16","2019-11-08 12:06:16"
272,42,17,3316,"2019-11-08 12:06:20","2019-11-08 12:06:20"
273,43,17,3319,"2019-11-08 12:06:29","2019-11-08 12:06:29"
274,44,17,3322,"2019-11-08 12:06:34","2019-11-08 12:06:34"
275,45,17,3324,"2019-11-08 12:06:38","2019-11-08 12:06:38"
276,46,17,3326,"2019-11-08 12:06:43","2019-11-08 12:06:43"
277,47,17,3328,"2019-11-08 12:06:48","2019-11-08 12:06:48"
278,48,17,3331,"2019-11-08 12:06:54","2019-11-08 12:06:54"
279,49,17,3334,"2019-11-08 12:07:02","2019-11-08 12:07:02"
280,50,17,3337,"2019-11-08 12:07:09","2019-11-08 12:07:09"
281,51,17,3340,"2019-11-08 12:07:17","2019-11-08 12:07:17"
282,52,17,3343,"2019-11-08 12:07:24","2019-11-08 12:07:24"
283,53,17,3347,"2019-11-08 12:07:35","2019-11-08 12:07:35"
284,54,17,3350,"2019-11-08 12:07:45","2019-11-08 12:07:45"
285,55,17,3353,"2019-11-08 12:07:50","2019-11-08 12:07:50"
286,56,17,3355,"2019-11-08 12:08:00","2019-11-08 12:08:00"
287,57,17,3358,"2019-11-08 12:08:11","2019-11-08 12:08:11"
288,58,17,3361,"2019-11-08 12:08:18","2019-11-08 12:08:18"
290,60,17,3366,"2019-11-08 12:08:31","2019-11-08 12:08:31"
291,61,17,3370,"2019-11-08 12:08:41","2019-11-08 12:08:41"
292,62,17,3377,"2019-11-08 12:08:54","2019-11-08 12:08:54"
293,63,17,3380,"2019-11-08 12:09:03","2019-11-08 12:09:03"
294,64,17,3382,"2019-11-08 12:09:09","2019-11-08 12:09:09"
295,66,17,3385,"2019-11-08 12:09:18","2019-11-08 12:09:18"
296,67,17,3390,"2019-11-08 12:09:25","2019-11-08 12:09:25"
297,69,17,3393,"2019-11-08 12:09:35","2019-11-08 12:09:35"
298,70,17,3396,"2019-11-08 12:09:41","2019-11-08 12:09:41"
299,71,17,3398,"2019-11-08 12:09:48","2019-11-08 12:09:48"
300,72,17,3401,"2019-11-08 12:09:58","2019-11-08 12:09:58"
302,74,17,3406,"2019-11-08 12:10:11","2019-11-08 12:10:11"
303,75,17,3408,"2019-11-08 12:10:16","2019-11-08 12:10:16"
304,76,17,3410,"2019-11-08 12:10:23","2019-11-08 12:10:23"
305,77,17,3413,"2019-11-08 12:10:31","2019-11-08 12:10:31"
306,78,17,3416,"2019-11-08 12:10:39","2019-11-08 12:10:39"
307,79,17,3419,"2019-11-08 12:10:50","2019-11-08 12:10:50"
308,80,17,3422,"2019-11-08 12:10:59","2019-11-08 12:10:59"
309,81,17,3424,"2019-11-08 12:11:06","2019-11-08 12:11:06"
312,84,17,3434,"2019-11-08 12:11:29","2019-11-08 12:11:29"
313,85,17,3437,"2019-11-08 12:11:38","2019-11-08 12:11:38"
314,86,17,3440,"2019-11-08 12:11:47","2019-11-08 12:11:47"
315,88,17,3442,"2019-11-08 12:11:53","2019-11-08 12:11:53"
316,89,17,3444,"2019-11-08 12:12:00","2019-11-08 12:12:00"
317,90,17,3447,"2019-11-08 12:12:11","2019-11-08 12:12:11"
318,91,17,3450,"2019-11-08 12:12:20","2019-11-08 12:12:20"
319,92,17,3453,"2019-11-08 12:12:28","2019-11-08 12:12:28"
320,93,17,3455,"2019-11-08 12:12:32","2019-11-08 12:12:32"
321,94,17,3458,"2019-11-08 12:12:39","2019-11-08 12:12:39"
322,95,17,3461,"2019-11-08 12:12:45","2019-11-08 12:12:45"
323,96,17,3464,"2019-11-08 12:12:54","2019-11-08 12:12:54"
324,97,17,3467,"2019-11-08 12:12:59","2019-11-08 12:12:59"
325,98,17,3470,"2019-11-08 12:13:06","2019-11-08 12:13:06"
326,100,17,3473,"2019-11-08 12:13:12","2019-11-08 12:13:12"
327,101,17,3476,"2019-11-08 12:13:22","2019-11-08 12:13:22"
328,102,17,3478,"2019-11-08 12:13:27","2019-11-08 12:13:27"
329,103,17,3480,"2019-11-08 12:13:34","2019-11-08 12:13:34"
330,104,17,3482,"2019-11-08 12:13:40","2019-11-08 12:13:40"
332,106,17,3487,"2019-11-08 12:13:51","2019-11-08 12:13:51"
334,109,17,3491,"2019-11-08 12:13:59","2019-11-08 12:13:59"
335,111,17,3494,"2019-11-08 12:14:04","2019-11-08 12:14:04"
336,112,17,3497,"2019-11-08 12:14:10","2019-11-08 12:14:10"
337,115,17,3500,"2019-11-08 12:14:31","2019-11-08 12:14:31"
338,116,17,3502,"2019-11-08 12:14:35","2019-11-08 12:14:35"
339,118,17,3505,"2019-11-08 12:14:42","2019-11-08 12:14:42"
340,119,17,3508,"2019-11-08 12:14:49","2019-11-08 12:14:49"
341,120,17,3511,"2019-11-08 12:14:54","2019-11-08 12:14:54"
342,121,17,3514,"2019-11-08 12:14:59","2019-11-08 12:14:59"
343,122,17,3516,"2019-11-08 12:15:04","2019-11-08 12:15:04"
344,124,17,3519,"2019-11-08 12:15:13","2019-11-08 12:15:13"
345,125,17,3522,"2019-11-08 12:15:18","2019-11-08 12:15:18"
346,126,17,3525,"2019-11-08 12:15:24","2019-11-08 12:15:24"
347,127,17,3527,"2019-11-08 12:15:27","2019-11-08 12:15:27"
348,128,17,3529,"2019-11-08 12:15:30","2019-11-08 12:15:30"
349,129,17,3534,"2019-11-08 12:15:35","2019-11-08 12:15:35"
350,130,17,3536,"2019-11-08 12:15:39","2019-11-08 12:15:39"
351,131,17,3539,"2019-11-08 12:15:45","2019-11-08 12:15:45"
352,132,17,3542,"2019-11-08 12:15:53","2019-11-08 12:15:53"
353,133,17,3545,"2019-11-08 12:16:00","2019-11-08 12:16:00"
354,134,17,3550,"2019-11-08 12:16:08","2019-11-08 12:16:08"
355,135,17,3553,"2019-11-08 12:16:16","2019-11-08 12:16:16"
356,136,17,3556,"2019-11-08 12:16:24","2019-11-08 12:16:24"
357,137,17,3558,"2019-11-08 12:16:27","2019-11-08 12:16:27"
358,138,17,3561,"2019-11-08 12:16:34","2019-11-08 12:16:34"
359,139,17,3564,"2019-11-08 12:16:41","2019-11-08 12:16:41"
360,140,17,3566,"2019-11-08 12:16:46","2019-11-08 12:16:46"
362,142,17,3574,"2019-11-08 12:17:00","2019-11-08 12:17:00"
363,143,17,3576,"2019-11-08 12:17:06","2019-11-08 12:17:06"
364,144,17,3578,"2019-11-08 12:17:10","2019-11-08 12:17:10"
365,145,17,3581,"2019-11-08 12:17:20","2019-11-08 12:17:20"
366,146,17,3583,"2019-11-08 12:17:26","2019-11-08 12:17:26"
367,147,17,3587,"2019-11-08 12:17:37","2019-11-08 12:17:37"
368,148,17,3592,"2019-11-08 12:17:44","2019-11-08 12:17:44"
369,149,17,3597,"2019-11-08 12:17:53","2019-11-08 12:17:53"
370,150,17,3600,"2019-11-08 12:18:02","2019-11-08 12:18:02"
371,151,17,3602,"2019-11-08 12:18:10","2019-11-08 12:18:10"
373,153,17,3607,"2019-11-08 12:18:27","2019-11-08 12:18:27"
374,154,17,3610,"2019-11-08 12:18:34","2019-11-08 12:18:34"
375,155,17,3613,"2019-11-08 12:18:42","2019-11-08 12:18:42"
376,156,17,3616,"2019-11-08 12:18:49","2019-11-08 12:18:49"
377,157,17,3619,"2019-11-08 12:18:57","2019-11-08 12:18:57"
378,158,17,3623,"2019-11-08 12:19:09","2019-11-08 12:19:09"
379,159,17,3626,"2019-11-08 12:19:19","2019-11-08 12:19:19"
380,160,17,3633,"2019-11-08 12:19:31","2019-11-08 12:19:31"
381,161,17,3638,"2019-11-08 12:19:40","2019-11-08 12:19:40"
382,162,17,3641,"2019-11-08 12:19:48","2019-11-08 12:19:48"
383,163,17,3644,"2019-11-08 12:19:56","2019-11-08 12:19:56"
384,164,17,3647,"2019-11-08 12:20:03","2019-11-08 12:20:03"
387,167,17,3659,"2019-11-08 12:20:24","2019-11-08 12:20:24"
388,168,17,3662,"2019-11-08 12:20:34","2019-11-08 12:20:34"
389,169,17,3664,"2019-11-08 12:20:40","2019-11-08 12:20:40"
390,170,17,3667,"2019-11-08 12:20:44","2019-11-08 12:20:44"
391,171,17,3670,"2019-11-08 12:20:50","2019-11-08 12:20:50"
392,172,17,3673,"2019-11-08 12:20:57","2019-11-08 12:20:57"
393,173,17,3676,"2019-11-08 12:21:04","2019-11-08 12:21:04"
394,174,17,3679,"2019-11-08 12:21:10","2019-11-08 12:21:10"
395,175,17,3682,"2019-11-08 12:21:13","2019-11-08 12:21:13"
396,176,17,3685,"2019-11-08 12:21:19","2019-11-08 12:21:19"
397,177,17,3690,"2019-11-08 12:21:23","2019-11-08 12:21:23"
398,178,17,3695,"2019-11-08 12:21:31","2019-11-08 12:21:31"
399,179,17,3698,"2019-11-08 12:21:38","2019-11-08 12:21:38"
401,181,17,3704,"2019-11-08 12:21:49","2019-11-08 12:21:49"
402,182,17,3707,"2019-11-08 12:21:56","2019-11-08 12:21:56"
403,183,17,3710,"2019-11-08 12:22:03","2019-11-08 12:22:03"
404,184,17,3713,"2019-11-08 12:22:09","2019-11-08 12:22:09"
405,185,17,3716,"2019-11-08 12:22:17","2019-11-08 12:22:17"
406,186,17,3719,"2019-11-08 12:22:24","2019-11-08 12:22:24"
407,187,17,3721,"2019-11-08 12:22:28","2019-11-08 12:22:28"
408,188,17,3724,"2019-11-08 12:22:35","2019-11-08 12:22:35"
409,189,17,3726,"2019-11-08 12:22:39","2019-11-08 12:22:39"
410,190,17,3729,"2019-11-08 12:22:46","2019-11-08 12:22:46"
412,192,17,3734,"2019-11-08 12:22:55","2019-11-08 12:22:55"
413,193,17,3736,"2019-11-08 12:22:59","2019-11-08 12:22:59"
414,194,17,3739,"2019-11-08 12:23:06","2019-11-08 12:23:06"
415,195,17,3743,"2019-11-08 12:23:14","2019-11-08 12:23:14"
416,196,17,3746,"2019-11-08 12:23:19","2019-11-08 12:23:19"
417,197,17,3749,"2019-11-08 12:23:24","2019-11-08 12:23:24"
418,198,17,3752,"2019-11-08 12:23:29","2019-11-08 12:23:29"
419,200,17,3758,"2019-11-08 12:23:42","2019-11-08 12:23:42"
420,201,17,3763,"2019-11-08 12:23:50","2019-11-08 12:23:50"
421,202,17,3768,"2019-11-08 12:23:59","2019-11-08 12:23:59"
422,203,17,3771,"2019-11-08 12:24:07","2019-11-08 12:24:07"
423,204,17,3773,"2019-11-08 12:24:12","2019-11-08 12:24:12"
424,205,17,3776,"2019-11-08 12:24:19","2019-11-08 12:24:19"
425,207,17,3779,"2019-11-08 12:24:25","2019-11-08 12:24:25"
426,208,17,3781,"2019-11-08 12:24:29","2019-11-08 12:24:29"
427,209,17,3784,"2019-11-08 12:24:35","2019-11-08 12:24:35"
428,210,17,3787,"2019-11-08 12:24:42","2019-11-08 12:24:42"
429,211,17,3790,"2019-11-08 12:24:48","2019-11-08 12:24:48"
431,213,17,3795,"2019-11-08 12:24:58","2019-11-08 12:24:58"
432,214,17,3798,"2019-11-08 12:25:06","2019-11-08 12:25:06"
433,215,17,3800,"2019-11-08 12:25:11","2019-11-08 12:25:11"
434,216,17,3803,"2019-11-08 12:25:17","2019-11-08 12:25:17"
435,217,17,3806,"2019-11-08 12:25:24","2019-11-08 12:25:24"
436,218,17,3808,"2019-11-08 12:25:28","2019-11-08 12:25:28"
437,221,17,3814,"2019-11-08 12:25:43","2019-11-08 12:25:43"
438,222,17,3817,"2019-11-08 12:25:48","2019-11-08 12:25:48"
439,223,17,3820,"2019-11-08 12:25:53","2019-11-08 12:25:53"
440,224,17,3823,"2019-11-08 12:25:58","2019-11-08 12:25:58"
441,225,17,3825,"2019-11-08 12:26:01","2019-11-08 12:26:01"
442,226,17,3828,"2019-11-08 12:26:06","2019-11-08 12:26:06"
443,227,17,3831,"2019-11-08 12:26:12","2019-11-08 12:26:12"
444,228,17,3834,"2019-11-08 12:26:17","2019-11-08 12:26:17"
445,229,17,3837,"2019-11-08 12:26:24","2019-11-08 12:26:24"
446,230,17,3840,"2019-11-08 12:26:31","2019-11-08 12:26:31"
447,231,17,3843,"2019-11-08 12:26:40","2019-11-08 12:26:40"
448,232,17,3848,"2019-11-08 12:26:48","2019-11-08 12:26:48"
449,233,17,3850,"2019-11-08 12:26:54","2019-11-08 12:26:54"
451,235,17,3855,"2019-11-08 12:27:04","2019-11-08 12:27:04"
452,219,17,3863,"2019-11-08 12:39:36","2019-11-08 12:39:36"
453,199,17,3901,"2019-11-12 11:49:46","2019-11-12 11:49:46"
454,113,17,3907,"2019-11-12 12:04:56","2019-11-12 12:04:56"
455,38,17,3912,"2019-11-12 12:09:26","2019-11-12 12:09:26"
456,234,17,3914,"2019-11-12 17:51:37","2019-11-12 17:51:37"
457,165,17,3916,"2019-11-14 11:35:45","2019-11-14 11:35:45"
458,180,17,3918,"2019-11-14 11:37:09","2019-11-14 11:37:09"
459,141,17,3921,"2019-11-14 11:39:34","2019-11-14 11:39:34"
460,166,17,3923,"2019-11-14 12:32:58","2019-11-14 12:32:58"
461,83,17,3926,"2019-11-14 13:21:59","2019-11-14 13:21:59"
472,59,17,3948,"2019-11-14 13:41:51","2019-11-14 13:41:51"
473,73,17,3950,"2019-11-14 13:42:14","2019-11-14 13:42:14"
474,82,17,3952,"2019-11-14 13:42:35","2019-11-14 13:42:35"
475,105,17,3954,"2019-11-14 13:42:58","2019-11-14 13:42:58"
476,107,17,3956,"2019-11-14 13:43:23","2019-11-14 13:43:23"
477,152,17,3958,"2019-11-14 13:43:55","2019-11-14 13:43:55"
478,191,17,3960,"2019-11-14 13:44:15","2019-11-14 13:44:15"
479,212,17,3962,"2019-11-14 13:44:46","2019-11-14 13:44:46"
481,1,17,4144,"2019-12-12 18:24:58","2019-12-12 18:24:58"
628,5,19,4890,"2019-12-13 13:07:50","2019-12-13 13:07:50"
629,28,19,4893,"2019-12-13 13:07:55","2019-12-13 13:07:55"
630,30,19,4898,"2019-12-13 13:08:02","2019-12-13 13:08:02"
631,31,19,4901,"2019-12-13 13:08:08","2019-12-13 13:08:08"
632,37,19,4904,"2019-12-13 13:08:14","2019-12-13 13:08:14"
633,50,19,4907,"2019-12-13 13:08:20","2019-12-13 13:08:20"
634,62,19,4914,"2019-12-13 13:08:32","2019-12-13 13:08:32"
635,67,19,4919,"2019-12-13 13:08:40","2019-12-13 13:08:40"
636,69,19,4924,"2019-12-13 13:08:49","2019-12-13 13:08:49"
637,80,19,4928,"2019-12-13 13:09:07","2019-12-13 13:09:07"
638,95,19,4931,"2019-12-13 13:09:13","2019-12-13 13:09:13"
639,129,19,4936,"2019-12-13 13:09:21","2019-12-13 13:09:21"
640,134,19,4941,"2019-12-13 13:09:28","2019-12-13 13:09:28"
641,137,19,4944,"2019-12-13 13:09:32","2019-12-13 13:09:32"
642,148,19,4949,"2019-12-13 13:09:39","2019-12-13 13:09:39"
643,149,19,4954,"2019-12-13 13:09:49","2019-12-13 13:09:49"
644,160,19,4961,"2019-12-13 13:10:00","2019-12-13 13:10:00"
645,161,19,4966,"2019-12-13 13:10:08","2019-12-13 13:10:08"
646,167,19,4973,"2019-12-13 13:10:16","2019-12-13 13:10:16"
647,178,19,4980,"2019-12-13 13:10:29","2019-12-13 13:10:29"
648,201,19,4985,"2019-12-13 13:10:36","2019-12-13 13:10:36"
649,202,19,4990,"2019-12-13 13:10:42","2019-12-13 13:10:42"
650,204,19,4993,"2019-12-13 13:10:45","2019-12-13 13:10:45"
651,205,19,4998,"2019-12-13 13:10:51","2019-12-13 13:10:51"
652,207,19,5003,"2019-12-13 13:10:56","2019-12-13 13:10:56"
653,219,19,5008,"2019-12-13 13:11:03","2019-12-13 13:11:03"
654,223,19,5011,"2019-12-13 13:11:07","2019-12-13 13:11:07"
655,235,19,5016,"2019-12-13 13:11:13","2019-12-13 13:11:13"
656,77,19,5021,"2019-12-13 13:20:18","2019-12-13 13:20:18"
658,1,18,5027,"2019-12-13 17:27:10","2019-12-13 17:27:10"
659,3,18,5031,"2019-12-13 17:27:15","2019-12-13 17:27:15"
660,6,18,5034,"2019-12-13 17:27:20","2019-12-13 17:27:20"
661,7,18,5038,"2019-12-13 17:27:26","2019-12-13 17:27:26"
662,8,18,5041,"2019-12-13 17:27:31","2019-12-13 17:27:31"
663,9,18,5044,"2019-12-13 17:27:35","2019-12-13 17:27:35"
664,11,18,5047,"2019-12-13 17:27:40","2019-12-13 17:27:40"
665,12,18,5049,"2019-12-13 17:27:43","2019-12-13 17:27:43"
666,13,18,5052,"2019-12-13 17:27:48","2019-12-13 17:27:48"
667,14,18,5055,"2019-12-13 17:27:53","2019-12-13 17:27:53"
668,15,18,5058,"2019-12-13 17:27:58","2019-12-13 17:27:58"
669,16,18,5062,"2019-12-13 17:28:03","2019-12-13 17:28:03"
670,17,18,5065,"2019-12-13 17:28:08","2019-12-13 17:28:08"
671,18,18,5067,"2019-12-13 17:28:12","2019-12-13 17:28:12"
672,21,18,5069,"2019-12-13 17:28:15","2019-12-13 17:28:15"
673,22,18,5072,"2019-12-13 17:28:20","2019-12-13 17:28:20"
674,23,18,5074,"2019-12-13 17:28:24","2019-12-13 17:28:24"
675,24,18,5077,"2019-12-13 17:28:28","2019-12-13 17:28:28"
676,25,18,5080,"2019-12-13 17:28:33","2019-12-13 17:28:33"
677,26,18,5083,"2019-12-13 17:28:38","2019-12-13 17:28:38"
678,27,18,5085,"2019-12-13 17:28:42","2019-12-13 17:28:42"
679,29,18,5088,"2019-12-13 17:28:48","2019-12-13 17:28:48"
680,33,18,5091,"2019-12-13 17:28:53","2019-12-13 17:28:53"
681,34,18,5093,"2019-12-13 17:28:57","2019-12-13 17:28:57"
682,35,18,5096,"2019-12-13 17:29:02","2019-12-13 17:29:02"
683,36,18,5099,"2019-12-13 17:29:08","2019-12-13 17:29:08"
684,38,18,5102,"2019-12-13 17:29:15","2019-12-13 17:29:15"
685,39,18,5105,"2019-12-13 17:29:22","2019-12-13 17:29:22"
686,40,18,5109,"2019-12-13 17:29:27","2019-12-13 17:29:27"
687,41,18,5112,"2019-12-13 17:29:32","2019-12-13 17:29:32"
688,42,18,5114,"2019-12-13 17:29:36","2019-12-13 17:29:36"
689,43,18,5117,"2019-12-13 17:29:43","2019-12-13 17:29:43"
690,44,18,5120,"2019-12-13 17:29:49","2019-12-13 17:29:49"
691,45,18,5122,"2019-12-13 17:29:54","2019-12-13 17:29:54"
692,46,18,5124,"2019-12-13 17:29:58","2019-12-13 17:29:58"
693,47,18,5126,"2019-12-13 17:30:02","2019-12-13 17:30:02"
694,48,18,5129,"2019-12-13 17:30:07","2019-12-13 17:30:07"
695,49,18,5132,"2019-12-13 17:30:13","2019-12-13 17:30:13"
696,51,18,5135,"2019-12-13 17:30:18","2019-12-13 17:30:18"
697,52,18,5138,"2019-12-13 17:30:23","2019-12-13 17:30:23"
698,53,18,5142,"2019-12-13 17:30:28","2019-12-13 17:30:28"
699,54,18,5145,"2019-12-13 17:30:34","2019-12-13 17:30:34"
700,55,18,5147,"2019-12-13 17:30:37","2019-12-13 17:30:37"
701,56,18,5149,"2019-12-13 17:30:41","2019-12-13 17:30:41"
702,57,18,5152,"2019-12-13 17:30:47","2019-12-13 17:30:47"
703,58,18,5155,"2019-12-13 17:30:51","2019-12-13 17:30:51"
704,59,18,5157,"2019-12-13 17:30:55","2019-12-13 17:30:55"
705,60,18,5160,"2019-12-13 17:31:00","2019-12-13 17:31:00"
706,61,18,5164,"2019-12-13 17:31:06","2019-12-13 17:31:06"
707,63,18,5168,"2019-12-13 17:31:10","2019-12-13 17:31:10"
708,64,18,5170,"2019-12-13 17:31:14","2019-12-13 17:31:14"
709,66,18,5174,"2019-12-13 17:31:19","2019-12-13 17:31:19"
710,70,18,5177,"2019-12-13 17:31:23","2019-12-13 17:31:23"
711,71,18,5179,"2019-12-13 17:31:26","2019-12-13 17:31:26"
712,72,18,5182,"2019-12-13 17:31:29","2019-12-13 17:31:29"
713,73,18,5184,"2019-12-13 17:31:32","2019-12-13 17:31:32"
714,74,18,5187,"2019-12-13 17:31:36","2019-12-13 17:31:36"
715,75,18,5189,"2019-12-13 17:31:39","2019-12-13 17:31:39"
716,76,18,5191,"2019-12-13 17:31:42","2019-12-13 17:31:42"
717,78,18,5194,"2019-12-13 17:31:46","2019-12-13 17:31:46"
718,79,18,5197,"2019-12-13 17:31:51","2019-12-13 17:31:51"
719,81,18,5199,"2019-12-13 17:31:54","2019-12-13 17:31:54"
720,82,18,5201,"2019-12-13 17:31:57","2019-12-13 17:31:57"
721,83,18,5204,"2019-12-13 17:32:02","2019-12-13 17:32:02"
722,84,18,5207,"2019-12-13 17:32:06","2019-12-13 17:32:06"
723,85,18,5210,"2019-12-13 17:32:10","2019-12-13 17:32:10"
724,86,18,5213,"2019-12-13 17:32:16","2019-12-13 17:32:16"
725,88,18,5215,"2019-12-13 17:32:19","2019-12-13 17:32:19"
726,89,18,5217,"2019-12-13 17:32:22","2019-12-13 17:32:22"
727,90,18,5221,"2019-12-13 17:32:27","2019-12-13 17:32:27"
728,91,18,5224,"2019-12-13 17:32:30","2019-12-13 17:32:30"
729,92,18,5227,"2019-12-13 17:32:35","2019-12-13 17:32:35"
730,93,18,5229,"2019-12-13 17:32:39","2019-12-13 17:32:39"
731,94,18,5232,"2019-12-13 17:32:43","2019-12-13 17:32:43"
732,96,18,5235,"2019-12-13 17:32:48","2019-12-13 17:32:48"
733,97,18,5238,"2019-12-13 17:32:51","2019-12-13 17:32:51"
734,98,18,5241,"2019-12-13 17:32:55","2019-12-13 17:32:55"
735,100,18,5244,"2019-12-13 17:32:59","2019-12-13 17:32:59"
736,101,18,5248,"2019-12-13 17:33:04","2019-12-13 17:33:04"
737,102,18,5250,"2019-12-13 17:33:08","2019-12-13 17:33:08"
738,103,18,5252,"2019-12-13 17:33:10","2019-12-13 17:33:10"
739,104,18,5254,"2019-12-13 17:33:13","2019-12-13 17:33:13"
740,105,18,5256,"2019-12-13 17:33:16","2019-12-13 17:33:16"
741,106,18,5259,"2019-12-13 17:33:19","2019-12-13 17:33:19"
742,107,18,5261,"2019-12-13 17:33:21","2019-12-13 17:33:21"
743,109,18,5263,"2019-12-13 17:33:24","2019-12-13 17:33:24"
744,111,18,5266,"2019-12-13 17:33:28","2019-12-13 17:33:28"
745,112,18,5269,"2019-12-13 17:33:32","2019-12-13 17:33:32"
746,113,18,5272,"2019-12-13 17:33:36","2019-12-13 17:33:36"
747,115,18,5274,"2019-12-13 17:33:39","2019-12-13 17:33:39"
748,116,18,5276,"2019-12-13 17:33:42","2019-12-13 17:33:42"
749,118,18,5279,"2019-12-13 17:33:46","2019-12-13 17:33:46"
750,119,18,5282,"2019-12-13 17:33:50","2019-12-13 17:33:50"
751,120,18,5285,"2019-12-13 17:33:55","2019-12-13 17:33:55"
752,121,18,5288,"2019-12-13 17:33:58","2019-12-13 17:33:58"
753,122,18,5290,"2019-12-13 17:34:01","2019-12-13 17:34:01"
754,124,18,5294,"2019-12-13 17:34:06","2019-12-13 17:34:06"
755,125,18,5297,"2019-12-13 17:34:11","2019-12-13 17:34:11"
756,126,18,5301,"2019-12-13 17:34:15","2019-12-13 17:34:15"
757,127,18,5303,"2019-12-13 17:34:18","2019-12-13 17:34:18"
758,128,18,5305,"2019-12-13 17:34:21","2019-12-13 17:34:21"
759,130,18,5307,"2019-12-13 17:34:24","2019-12-13 17:34:24"
760,131,18,5310,"2019-12-13 17:34:28","2019-12-13 17:34:28"
761,132,18,5314,"2019-12-13 17:34:33","2019-12-13 17:34:33"
762,133,18,5317,"2019-12-13 17:34:37","2019-12-13 17:34:37"
763,135,18,5320,"2019-12-13 17:34:41","2019-12-13 17:34:41"
764,136,18,5323,"2019-12-13 17:34:46","2019-12-13 17:34:46"
765,138,18,5326,"2019-12-13 17:34:50","2019-12-13 17:34:50"
766,139,18,5329,"2019-12-13 17:34:55","2019-12-13 17:34:55"
767,140,18,5331,"2019-12-13 17:34:58","2019-12-13 17:34:58"
768,141,18,5334,"2019-12-13 17:35:02","2019-12-13 17:35:02"
769,142,18,5337,"2019-12-13 17:35:06","2019-12-13 17:35:06"
770,143,18,5339,"2019-12-13 17:35:09","2019-12-13 17:35:09"
771,144,18,5341,"2019-12-13 17:35:13","2019-12-13 17:35:13"
772,145,18,5344,"2019-12-13 17:35:18","2019-12-13 17:35:18"
773,146,18,5346,"2019-12-13 17:35:21","2019-12-13 17:35:21"
774,147,18,5350,"2019-12-13 17:35:27","2019-12-13 17:35:27"
775,150,18,5353,"2019-12-13 17:35:31","2019-12-13 17:35:31"
776,151,18,5355,"2019-12-13 17:35:35","2019-12-13 17:35:35"
777,152,18,5357,"2019-12-13 17:35:38","2019-12-13 17:35:38"
778,153,18,5361,"2019-12-13 17:35:43","2019-12-13 17:35:43"
779,154,18,5364,"2019-12-13 17:35:47","2019-12-13 17:35:47"
780,155,18,5368,"2019-12-13 17:35:51","2019-12-13 17:35:51"
781,156,18,5371,"2019-12-13 17:35:55","2019-12-13 17:35:55"
782,157,18,5374,"2019-12-13 17:35:59","2019-12-13 17:35:59"
783,158,18,5378,"2019-12-13 17:36:05","2019-12-13 17:36:05"
784,159,18,5381,"2019-12-13 17:36:09","2019-12-13 17:36:09"
785,162,18,5385,"2019-12-13 17:36:14","2019-12-13 17:36:14"
786,163,18,5388,"2019-12-13 17:36:19","2019-12-13 17:36:19"
787,164,18,5391,"2019-12-13 17:36:23","2019-12-13 17:36:23"
788,165,18,5393,"2019-12-13 17:36:27","2019-12-13 17:36:27"
789,166,18,5395,"2019-12-13 17:36:30","2019-12-13 17:36:30"
790,168,18,5398,"2019-12-13 17:36:34","2019-12-13 17:36:34"
791,169,18,5400,"2019-12-13 17:36:38","2019-12-13 17:36:38"
792,170,18,5403,"2019-12-13 17:36:42","2019-12-13 17:36:42"
793,171,18,5406,"2019-12-13 17:36:46","2019-12-13 17:36:46"
794,172,18,5409,"2019-12-13 17:36:51","2019-12-13 17:36:51"
795,173,18,5412,"2019-12-13 17:36:55","2019-12-13 17:36:55"
796,174,18,5416,"2019-12-13 17:36:59","2019-12-13 17:36:59"
797,175,18,5419,"2019-12-13 17:37:02","2019-12-13 17:37:02"
798,176,18,5422,"2019-12-13 17:37:08","2019-12-13 17:37:08"
799,177,18,5425,"2019-12-13 17:37:12","2019-12-13 17:37:12"
800,179,18,5428,"2019-12-13 17:37:16","2019-12-13 17:37:16"
801,180,18,5430,"2019-12-13 17:37:20","2019-12-13 17:37:20"
802,181,18,5433,"2019-12-13 17:37:25","2019-12-13 17:37:25"
803,182,18,5436,"2019-12-13 17:37:29","2019-12-13 17:37:29"
804,183,18,5440,"2019-12-13 17:37:33","2019-12-13 17:37:33"
805,184,18,5444,"2019-12-13 17:37:37","2019-12-13 17:37:37"
806,185,18,5447,"2019-12-13 17:37:42","2019-12-13 17:37:42"
807,186,18,5450,"2019-12-13 17:37:47","2019-12-13 17:37:47"
808,187,18,5452,"2019-12-13 17:37:50","2019-12-13 17:37:50"
809,188,18,5455,"2019-12-13 17:37:55","2019-12-13 17:37:55"
810,189,18,5457,"2019-12-13 17:37:58","2019-12-13 17:37:58"
811,190,18,5460,"2019-12-13 17:38:02","2019-12-13 17:38:02"
812,191,18,5462,"2019-12-13 17:38:05","2019-12-13 17:38:05"
813,192,18,5465,"2019-12-13 17:38:09","2019-12-13 17:38:09"
814,193,18,5467,"2019-12-13 17:38:12","2019-12-13 17:38:12"
815,194,18,5470,"2019-12-13 17:38:17","2019-12-13 17:38:17"
816,195,18,5476,"2019-12-13 17:38:23","2019-12-13 17:38:23"
817,196,18,5479,"2019-12-13 17:38:27","2019-12-13 17:38:27"
818,197,18,5482,"2019-12-13 17:38:31","2019-12-13 17:38:31"
819,198,18,5485,"2019-12-13 17:38:36","2019-12-13 17:38:36"
820,199,18,5488,"2019-12-13 17:38:41","2019-12-13 17:38:41"
821,200,18,5491,"2019-12-13 17:38:45","2019-12-13 17:38:45"
822,203,18,5494,"2019-12-13 17:38:50","2019-12-13 17:38:50"
823,208,18,5496,"2019-12-13 17:38:53","2019-12-13 17:38:53"
824,209,18,5499,"2019-12-13 17:38:57","2019-12-13 17:38:57"
825,210,18,5502,"2019-12-13 17:39:03","2019-12-13 17:39:03"
826,211,18,5505,"2019-12-13 17:39:07","2019-12-13 17:39:07"
827,212,18,5507,"2019-12-13 17:39:10","2019-12-13 17:39:10"
828,213,18,5510,"2019-12-13 17:39:14","2019-12-13 17:39:14"
829,214,18,5513,"2019-12-13 17:39:18","2019-12-13 17:39:18"
830,215,18,5515,"2019-12-13 17:39:21","2019-12-13 17:39:21"
831,216,18,5518,"2019-12-13 17:39:26","2019-12-13 17:39:26"
832,217,18,5521,"2019-12-13 17:39:30","2019-12-13 17:39:30"
833,218,18,5523,"2019-12-13 17:39:32","2019-12-13 17:39:32"
834,221,18,5526,"2019-12-13 17:39:36","2019-12-13 17:39:36"
835,222,18,5529,"2019-12-13 17:39:41","2019-12-13 17:39:41"
836,224,18,5532,"2019-12-13 17:39:45","2019-12-13 17:39:45"
837,225,18,5534,"2019-12-13 17:39:48","2019-12-13 17:39:48"
838,226,18,5537,"2019-12-13 17:39:51","2019-12-13 17:39:51"
839,227,18,5540,"2019-12-13 17:39:56","2019-12-13 17:39:56"
840,228,18,5543,"2019-12-13 17:40:00","2019-12-13 17:40:00"
841,229,18,5546,"2019-12-13 17:40:03","2019-12-13 17:40:03"
842,230,18,5549,"2019-12-13 17:40:08","2019-12-13 17:40:08"
843,231,18,5552,"2019-12-13 17:40:12","2019-12-13 17:40:12"
844,232,18,5555,"2019-12-13 17:40:16","2019-12-13 17:40:16"
845,233,18,5557,"2019-12-13 17:40:19","2019-12-13 17:40:19"
846,234,18,5559,"2019-12-13 17:40:22","2019-12-13 17:40:22"
847,236,18,5560,"2019-12-13 17:40:24","2019-12-13 17:40:24"
848,237,18,5561,"2019-12-13 17:40:26","2019-12-13 17:40:26"
